trip_id,trip_start_time,trip_stop_time,trip_duration_seconds,from_station_id,from_station_name,to_station_id,to_station_name,user_type,origin_lat,origin_lon,destination_lat,destination_lon
712382,2017/1/1 0:00,2017/1/1 0:03,223,7051,Wellesley St E / Yonge St Green P,7089,Church St  / Wood St,Member,43.66506,-79.38357,43.662712,-79.379903
712383,2017/1/1 0:00,2017/1/1 0:05,279,7143,Kendal Ave / Bernard Ave,7154,Bathurst Subway Station,Member,43.671513,-79.408317,43.6666667,-79.41166667
712384,2017/1/1 0:05,2017/1/1 0:29,1394,7113,Parliament St / Aberdeen Ave,7199,College St W / Markham St,Member,43.665278,-79.368333,43.65638889,-79.40916667
712385,2017/1/1 0:07,2017/1/1 0:21,826,7077,College Park South,7010,King St W / Spadina Ave,Member,43.659777,-79.382767,43.645323,-79.395003
712386,2017/1/1 0:08,2017/1/1 0:12,279,7079,McGill St / Church St,7047,University Ave / Gerrard St W,Member,43.660694,-79.379052,43.657763,-79.389165
712387,2017/1/1 0:12,2017/1/1 0:22,571,7021,Bay St / Albert St,7046,Niagara St / Richmond St W,Member,43.653264,-79.382458,43.64534,-79.409597
712388,2017/1/1 0:15,2017/1/1 0:33,1084,7161,Beverly St / College St W,7176,Bathurst St / Fort York Blvd,Member,43.6575,-79.39527778,43.639179,-79.399595
712389,2017/1/1 0:15,2017/1/1 0:21,307,7195,Ulster St / Bathurst St,7037,Bathurst St / Dundas St W,Member,43.66,-79.40888889,43.6523,-79.4058
712390,2017/1/1 0:20,2017/1/1 0:31,647,7017,Widmer St / Adelaide St ,7101,Lower Sherbourne St / The Esplanade,Member,43.6475076,-79.3914841,43.648655,-79.367061
712391,2017/1/1 0:23,2017/1/1 0:27,217,7017,Widmer St / Adelaide St ,7005,University Ave / King St W,Member,43.6475076,-79.3914841,43.6480008,-79.383177
712392,2017/1/1 0:28,2017/1/1 0:36,467,7009,King St E / Jarvis St,7016,Bay St / Queens Quay W (Ferry Terminal),Member,43.650325,-79.372287,43.640823,-79.376265
712393,2017/1/1 0:28,2017/1/1 0:43,880,7032,Augusta Ave / Dundas St W,7070,25 York St (ACC/Union Station South),Member,43.652473,-79.401456,43.643667,-79.380414
712394,2017/1/1 0:31,2017/1/1 0:35,228,7177,East Liberty St / Pirandello St,7158,King St W / Stafford St,Member,43.63861111,-79.41472222,43.6422222,-79.41111111
712395,2017/1/1 0:33,2017/1/1 0:39,361,7045,Bond St / Queen St E,7060,Princess St / Adelaide St,Member,43.653236,-79.376716,43.652123,-79.367139
712396,2017/1/1 0:38,2017/1/1 0:42,227,7158,King St W / Stafford St,7177,East Liberty St / Pirandello St,Member,43.6422222,-79.41111111,43.63861111,-79.41472222
712397,2017/1/1 0:53,2017/1/1 0:59,354,7022,Simcoe St / Queen St W,7033,Union Station,Member,43.650858,-79.387582,43.645609,-79.380386
712398,2017/1/1 0:55,2017/1/1 1:05,591,7077,College Park South,7101,Lower Sherbourne St / The Esplanade,Member,43.659777,-79.382767,43.648655,-79.367061
712399,2017/1/1 0:59,2017/1/1 1:02,169,7028,Gould St / Mutual St,7164,Victoria St / Gould St (Ryerson University),Member,43.6582,-79.3768,43.657424,-79.381019
712400,2017/1/1 0:59,2017/1/1 1:07,451,7038,Dundas St / Yonge St,7065,Dundas St E / Parliament St,Member,43.656094,-79.381484,43.659575,-79.365769
712401,2017/1/1 1:02,2017/1/1 1:17,920,7130,Davenport Rd / Bedford Rd,7038,Dundas St / Yonge St,Member,43.6743985,-79.3986601,43.656094,-79.381484
712402,2017/1/1 1:07,2017/1/1 1:11,256,7042,Sherbourne St / Wellesley St,7031,Jarvis St / Isabella St,Member,43.6673,-79.374,43.668991,-79.379385
712403,2017/1/1 1:12,2017/1/1 1:19,398,7160,King St W / Tecumseth St,7054,Navy Wharf Ct. / Bremner Blvd.,Member,43.64333333,-79.40555556,43.640722,-79.391051
712404,2017/1/1 1:14,2017/1/1 1:30,982,7004,University Ave / Elm St,7164,Victoria St / Gould St (Ryerson University),Member,43.656518,-79.389099,43.657424,-79.381019
712405,2017/1/1 1:29,2017/1/1 1:33,261,7163,Yonge St / Wood St,7041,Edward St / Yonge St,Member,43.6622222,-79.3825,43.656729,-79.382736
712406,2017/1/1 1:31,2017/1/1 1:34,182,7164,Victoria St / Gould St (Ryerson University),7045,Bond St / Queen St E,Member,43.657424,-79.381019,43.653236,-79.376716
712407,2017/1/1 1:31,2017/1/1 1:44,780,7050,Richmond St E / Jarvis St Green P,7043,Queens Quay W / Lower Simcoe St,Member,43.652634,-79.374222,43.63951,-79.383717
712408,2017/1/1 1:32,2017/1/1 1:51,1183,7133,Summerhill Station,7049,Queen St W / Portland St,Member,43.681944,-79.390556,43.6476,-79.4015
712409,2017/1/1 1:32,2017/1/1 1:40,474,7192,Harbord St / Clinton St,7205,Rusholme Park Cres / College St W,Casual,43.660414,-79.415646,43.65277778,-79.42972222
712410,2017/1/1 1:40,2017/1/1 1:48,473,7070,25 York St (ACC/Union Station South),7000,Fort York  Blvd / Capreol Crt,Member,43.643667,-79.380414,43.639832,-79.395954
712411,2017/1/1 1:43,2017/1/1 2:00,999,7059,Front St W / Blue Jays Way,7208,80 Clinton St (North of College),Member,43.643473,-79.390477,43.656296,-79.414663
712412,2017/1/1 1:50,2017/1/1 1:55,310,7047,University Ave / Gerrard St W,7163,Yonge St / Wood St,Member,43.657763,-79.389165,43.6622222,-79.3825
712413,2017/1/1 1:50,2017/1/1 2:06,955,7023,College St W / Borden St,7197,Queen St W / Dovercourt Rd,Member,43.6571,-79.4056,43.64361111,-79.4225
712414,2017/1/1 1:58,2017/1/1 2:14,978,7073,Bremner Blvd / Spadina Ave,7109,Seaton St / Dundas St E,Member,43.640114,-79.393249,43.658777,-79.369596
712415,2017/1/1 2:04,2017/1/1 2:19,901,7054,Navy Wharf Ct. / Bremner Blvd.,7208,80 Clinton St (North of College),Member,43.640722,-79.391051,43.656296,-79.414663
712416,2017/1/1 2:08,2017/1/1 2:13,277,7038,Dundas St / Yonge St,7044,Church St / Alexander St,Member,43.656094,-79.381484,43.663722,-79.380288
712417,2017/1/1 2:11,2017/1/1 2:22,603,7004,University Ave / Elm St,7163,Yonge St / Wood St,Member,43.656518,-79.389099,43.6622222,-79.3825
712418,2017/1/1 2:12,2017/1/1 2:21,542,7004,University Ave / Elm St,7163,Yonge St / Wood St,Member,43.656518,-79.389099,43.6622222,-79.3825
712419,2017/1/1 2:17,2017/1/1 2:25,439,7065,Dundas St E / Parliament St,7038,Dundas St / Yonge St,Member,43.659575,-79.365769,43.656094,-79.381484
712420,2017/1/1 2:25,2017/1/1 2:38,801,7122,Niagara St / Tecumseth St,7040,Euclid Ave / Bloor St W,Member,43.641389,-79.404444,43.664467,-79.414783
712421,2017/1/1 2:30,2017/1/1 2:43,768,7094,Chester Station,7042,Sherbourne St / Wellesley St,Member,43.6784556,-79.351014,43.6673,-79.374
712422,2017/1/1 2:47,2017/1/1 2:54,423,7033,Union Station,7016,Bay St / Queens Quay W (Ferry Terminal),Member,43.645609,-79.380386,43.640823,-79.376265
712423,2017/1/1 2:47,2017/1/1 2:53,378,7033,Union Station,7016,Bay St / Queens Quay W (Ferry Terminal),Member,43.645609,-79.380386,43.640823,-79.376265
712424,2017/1/1 2:53,2017/1/1 2:56,182,7034,Church St / Bloor St E,7024,Dundonald St / Church St,Member,43.671389,-79.382919,43.66663,-79.38148
712425,2017/1/1 3:00,2017/1/1 3:15,876,7144,Palmerston Ave / Vermont Ave,7006,Bay St / College St (East Side),Member,43.671389,-79.416389,43.660439,-79.385525
712426,2017/1/1 3:01,2017/1/1 3:14,782,7202,Queen St W / York St (City Hall),7072,Queen St W / Shaw St,Member,43.651667,-79.384167,43.636611,-79.400042
712427,2017/1/1 3:04,2017/1/1 3:12,487,7093,Danforth Ave / Gough Ave,7096,Boston Ave / Queen St E,Member,43.678401,-79.346289,43.661508,-79.338931
712428,2017/1/1 3:07,2017/1/1 3:14,476,7077,College Park South,7039,Simcoe St / Dundas St W,Member,43.659777,-79.382767,43.65232722,-79.38825382
712429,2017/1/1 3:17,2017/1/1 3:46,1702,7039,Simcoe St / Dundas St W,7057,Simcoe St / Wellington St W,Member,43.65232722,-79.38825382,43.6458569,-79.3853654
712430,2017/1/1 3:25,2017/1/1 3:34,509,7006,Bay St / College St (East Side),7042,Sherbourne St / Wellesley St,Member,43.660439,-79.385525,43.6673,-79.374
712431,2017/1/1 3:43,2017/1/1 3:51,494,7163,Yonge St / Wood St,7047,University Ave / Gerrard St W,Member,43.6622222,-79.3825,43.657763,-79.389165
712432,2017/1/1 3:43,2017/1/1 3:50,425,7163,Yonge St / Wood St,7047,University Ave / Gerrard St W,Member,43.6622222,-79.3825,43.657763,-79.389165
712433,2017/1/1 3:44,2017/1/1 3:50,388,7163,Yonge St / Wood St,7047,University Ave / Gerrard St W,Member,43.6622222,-79.3825,43.657763,-79.389165
712435,2017/1/1 3:48,2017/1/1 4:02,851,7005,University Ave / King St W,7046,Niagara St / Richmond St W,Member,43.6480008,-79.383177,43.64534,-79.409597
712436,2017/1/1 3:48,2017/1/1 4:00,693,7070,25 York St (ACC/Union Station South),7172,Strachan Ave / Princes' Blvd,Member,43.643667,-79.380414,43.635,-79.40888889
712437,2017/1/1 3:49,2017/1/1 3:57,487,7057,Simcoe St / Wellington St W,7069,Queen St W / Spadina Ave,Member,43.6458569,-79.3853654,43.649147,-79.395504
712438,2017/1/1 3:50,2017/1/1 3:58,471,7042,Sherbourne St / Wellesley St,7167,Queen St E / George St (Moss Park),Member,43.6673,-79.374,43.6544444,-79.37111111
712439,2017/1/1 3:51,2017/1/1 3:58,453,7026,Bay St / St. Joseph St,7027,Beverly  St / Dundas St W,Member,43.665527,-79.387499,43.652823,-79.393388
712440,2017/1/1 3:54,2017/1/1 4:01,375,7032,Augusta Ave / Dundas St W,7207,Dundas St W / Crawford St,Member,43.652473,-79.401456,43.649722,-79.416944
712441,2017/1/1 4:03,2017/1/1 4:08,274,7006,Bay St / College St (East Side),7021,Bay St / Albert St,Member,43.660439,-79.385525,43.653264,-79.382458
712442,2017/1/1 4:03,2017/1/1 4:12,538,7046,Niagara St / Richmond St W,7147,King St W / Fraser Ave,Member,43.64534,-79.409597,43.6394444,-79.42527778
712443,2017/1/1 4:05,2017/1/1 4:22,992,7048,Front St / Yonge St (Hockey Hall of Fame),7089,Church St  / Wood St,Member,43.646144,-79.377962,43.662712,-79.379903
712444,2017/1/1 4:09,2017/1/1 4:26,1005,7177,East Liberty St / Pirandello St,7202,Queen St W / York St (City Hall),Member,43.63861111,-79.41472222,43.651667,-79.384167
712445,2017/1/1 4:14,2017/1/1 4:25,645,7203,Bathurst St / Queens Quay W,7010,King St W / Spadina Ave,Member,43.635492,-79.398253,43.645323,-79.395003
712446,2017/1/1 4:15,2017/1/1 4:26,660,7193,Queen St W / Gladstone Ave,7123,424 Wellington St. W,Member,43.64305556,-79.4275,43.643834,-79.396649
712447,2017/1/1 4:15,2017/1/1 4:25,625,7003,Madison Ave / Bloor St W,7003,Madison Ave / Bloor St W,Member,43.667158,-79.402761,43.667158,-79.402761
712448,2017/1/1 4:17,2017/1/1 4:23,348,7000,Fort York  Blvd / Capreol Crt,7070,25 York St (ACC/Union Station South),Member,43.639832,-79.395954,43.643667,-79.380414
712449,2017/1/1 4:24,2017/1/1 4:29,288,7078,College St W / Major St,7061,Bloor St / Brunswick Ave,Member,43.6576,-79.4032,43.6662942,-79.4066433
712450,2017/1/1 4:30,2017/1/1 4:40,614,7023,College St W / Borden St,7102,Nelson St / Duncan St,Casual,43.6571,-79.4056,43.648711,-79.389728
712451,2017/1/1 4:30,2017/1/1 4:40,612,7023,College St W / Borden St,7102,Nelson St / Duncan St,Casual,43.6571,-79.4056,43.648711,-79.389728
712452,2017/1/1 4:33,2017/1/1 4:39,373,7044,Church St / Alexander St,7045,Bond St / Queen St E,Member,43.663722,-79.380288,43.653236,-79.376716
712453,2017/1/1 4:36,2017/1/1 4:40,248,7051,Wellesley St E / Yonge St Green P,7031,Jarvis St / Isabella St,Member,43.66506,-79.38357,43.668991,-79.379385
712454,2017/1/1 4:36,2017/1/1 5:06,1801,7026,Bay St / St. Joseph St,7022,Simcoe St / Queen St W,Member,43.665527,-79.387499,43.650858,-79.387582
712455,2017/1/1 4:37,2017/1/1 5:07,1793,7026,Bay St / St. Joseph St,7022,Simcoe St / Queen St W,Member,43.665527,-79.387499,43.650858,-79.387582
712456,2017/1/1 4:46,2017/1/1 4:52,329,7022,Simcoe St / Queen St W,7050,Richmond St E / Jarvis St Green P,Member,43.650858,-79.387582,43.652634,-79.374222
712457,2017/1/1 4:53,2017/1/1 4:59,343,7100,Dundas St E / Regent Park Blvd,7060,Princess St / Adelaide St,Member,43.660207,-79.361275,43.652123,-79.367139
712458,2017/1/1 4:59,2017/1/1 5:05,397,7169,Front St / Bay St (North Side),7019,Temperance St / Yonge St,Member,43.646162,-79.378912,43.6507021,-79.3800546
712459,2017/1/1 5:08,2017/1/1 5:21,769,7022,Simcoe St / Queen St W,7033,Union Station,Member,43.650858,-79.387582,43.645609,-79.380386
712461,2017/1/1 5:09,2017/1/1 5:14,301,7021,Bay St / Albert St,7038,Dundas St / Yonge St,Member,43.653264,-79.382458,43.656094,-79.381484
712460,2017/1/1 5:09,2017/1/1 5:21,694,7022,Simcoe St / Queen St W,7033,Union Station,Member,43.650858,-79.387582,43.645609,-79.380386
712462,2017/1/1 5:10,2017/1/1 5:33,1403,7015,King St W / Bay St (West Side),7177,East Liberty St / Pirandello St,Member,43.64852,-79.380576,43.63861111,-79.41472222
712463,2017/1/1 5:10,2017/1/1 5:17,394,7168,Queens Quay / Yonge St,7018,Bremner Blvd / Rees St,Member,43.641646,-79.375308,43.641529,-79.386741
712464,2017/1/1 5:12,2017/1/1 5:18,327,7046,Niagara St / Richmond St W,7177,East Liberty St / Pirandello St,Member,43.64534,-79.409597,43.63861111,-79.41472222
712465,2017/1/1 5:19,2017/1/1 5:27,426,7164,Victoria St / Gould St (Ryerson University),7024,Dundonald St / Church St,Member,43.657424,-79.381019,43.66663,-79.38148
712466,2017/1/1 5:23,2017/1/1 5:42,1136,7019,Temperance St / Yonge St,7176,Bathurst St / Fort York Blvd,Member,43.6507021,-79.3800546,43.639179,-79.399595
712467,2017/1/1 5:33,2017/1/1 5:36,218,7147,King St W / Fraser Ave,7111,King St W / Douro St,Member,43.6394444,-79.42527778,43.640885,-79.416379
712468,2017/1/1 5:36,2017/1/1 5:43,368,7009,King St E / Jarvis St,7108,Front St E / Cherry St,Member,43.650325,-79.372287,43.652686,-79.358395
712469,2017/1/1 5:43,2017/1/1 5:48,308,7127,Bay St / Davenport Rd,7026,Bay St / St. Joseph St,Member,43.672829,-79.390592,43.665527,-79.387499
712470,2017/1/1 5:49,2017/1/1 6:00,677,7011,Wellington St W / Portland St,7073,Bremner Blvd / Spadina Ave,Member,43.642982,-79.399256,43.640114,-79.393249
712471,2017/1/1 5:55,2017/1/1 6:12,1036,7109,Seaton St / Dundas St E,7073,Bremner Blvd / Spadina Ave,Member,43.658777,-79.369596,43.640114,-79.393249
712472,2017/1/1 6:00,2017/1/1 6:06,367,7073,Bremner Blvd / Spadina Ave,7160,King St W / Tecumseth St,Member,43.640114,-79.393249,43.64333333,-79.40555556
712474,2017/1/1 6:02,2017/1/1 6:07,303,7207,Dundas St W / Crawford St,7189,Augusta Ave / Denison Sq,Member,43.649722,-79.416944,43.653766,-79.4016759
712475,2017/1/1 6:09,2017/1/1 6:18,509,7060,Princess St / Adelaide St,7100,Dundas St E / Regent Park Blvd,Member,43.652123,-79.367139,43.660207,-79.361275
712476,2017/1/1 6:12,2017/1/1 6:21,493,7005,University Ave / King St W,7010,King St W / Spadina Ave,Member,43.6480008,-79.383177,43.645323,-79.395003
712477,2017/1/1 6:18,2017/1/1 6:22,217,7073,Bremner Blvd / Spadina Ave,7176,Bathurst St / Fort York Blvd,Member,43.640114,-79.393249,43.639179,-79.399595
712478,2017/1/1 6:20,2017/1/1 6:23,185,7136,Queen St W / Close Ave,7193,Queen St W / Gladstone Ave,Member,43.640634,-79.435841,43.64305556,-79.4275
712479,2017/1/1 6:20,2017/1/1 6:23,192,7052,Wellington St W / Bay St,7005,University Ave / King St W,Member,43.647259,-79.379878,43.6480008,-79.383177
712480,2017/1/1 6:23,2017/1/1 6:28,281,7059,Front St W / Blue Jays Way,7176,Bathurst St / Fort York Blvd,Member,43.643473,-79.390477,43.639179,-79.399595
712481,2017/1/1 6:26,2017/1/1 6:31,295,7038,Dundas St / Yonge St,7039,Simcoe St / Dundas St W,Member,43.656094,-79.381484,43.65232722,-79.38825382
712482,2017/1/1 6:27,2017/1/1 6:38,657,7070,25 York St (ACC/Union Station South),7011,Wellington St W / Portland St,Member,43.643667,-79.380414,43.642982,-79.399256
712483,2017/1/1 6:41,2017/1/1 6:44,172,7031,Jarvis St / Isabella St,7115,Howard St / Sherbourne St,Member,43.668991,-79.379385,43.6712581,-79.376367
712484,2017/1/1 6:42,2017/1/1 6:44,79,7060,Princess St / Adelaide St,7060,Princess St / Adelaide St,Member,43.652123,-79.367139,43.652123,-79.367139
712485,2017/1/1 6:54,2017/1/1 7:04,573,7044,Church St / Alexander St,7110,Queen St E / Berkely St,Member,43.663722,-79.380288,43.6552778,-79.36583333
712486,2017/1/1 6:54,2017/1/1 7:04,554,7044,Church St / Alexander St,7110,Queen St E / Berkely St,Member,43.663722,-79.380288,43.6552778,-79.36583333
712487,2017/1/1 6:56,2017/1/1 7:11,904,7153,Bloor St W / Christie St,7051,Wellesley St E / Yonge St Green P,Member,43.6638889,-79.41888889,43.66506,-79.38357
712488,2017/1/1 7:04,2017/1/1 7:12,490,7017,Widmer St / Adelaide St ,7041,Edward St / Yonge St,Member,43.6475076,-79.3914841,43.656729,-79.382736
712489,2017/1/1 7:14,2017/1/1 7:24,608,7035,Queen St W / Ossington Ave,7017,Widmer St / Adelaide St ,Member,43.643975,-79.419576,43.6475076,-79.3914841
712491,2017/1/1 7:24,2017/1/1 7:34,626,7027,Beverly  St / Dundas St W,7044,Church St / Alexander St,Member,43.652823,-79.393388,43.663722,-79.380288
712492,2017/1/1 7:24,2017/1/1 7:41,1001,7051,Wellesley St E / Yonge St Green P,7153,Bloor St W / Christie St,Member,43.66506,-79.38357,43.6638889,-79.41888889
712493,2017/1/1 7:25,2017/1/1 7:37,730,7102,Nelson St / Duncan St,7023,College St W / Borden St,Casual,43.648711,-79.389728,43.6571,-79.4056
712494,2017/1/1 7:26,2017/1/1 7:37,706,7102,Nelson St / Duncan St,7023,College St W / Borden St,Casual,43.648711,-79.389728,43.6571,-79.4056
712495,2017/1/1 7:40,2017/1/1 7:48,491,7016,Bay St / Queens Quay W (Ferry Terminal),7060,Princess St / Adelaide St,Member,43.640823,-79.376265,43.652123,-79.367139
712496,2017/1/1 7:50,2017/1/1 8:00,588,7102,Nelson St / Duncan St,7050,Richmond St E / Jarvis St Green P,Member,43.648711,-79.389728,43.652634,-79.374222
712497,2017/1/1 7:52,2017/1/1 7:56,243,7051,Wellesley St E / Yonge St Green P,7042,Sherbourne St / Wellesley St,Member,43.66506,-79.38357,43.6673,-79.374
712498,2017/1/1 7:56,2017/1/1 8:02,373,7193,Queen St W / Gladstone Ave,7205,Rusholme Park Cres / College St W,Member,43.64305556,-79.4275,43.65277778,-79.42972222
712499,2017/1/1 8:21,2017/1/1 8:34,786,7197,Queen St W / Dovercourt Rd,7037,Bathurst St / Dundas St W,Member,43.64361111,-79.4225,43.6523,-79.4058
712500,2017/1/1 8:27,2017/1/1 8:46,1157,7075,Queens Quay W / Dan Leckie Way,7112,Liberty St / Fraser Ave Green P,Member,43.636533,-79.395854,43.637981,-79.424146
712501,2017/1/1 8:28,2017/1/1 8:35,448,7013,Scott St / The Esplanade,7059,Front St W / Blue Jays Way,Member,43.64656,-79.375274,43.643473,-79.390477
712502,2017/1/1 8:37,2017/1/1 8:51,861,7037,Bathurst St / Dundas St W,7028,Gould St / Mutual St,Member,43.6523,-79.4058,43.6582,-79.3768
712503,2017/1/1 8:47,2017/1/1 8:54,433,7002,St George St / Bloor St W,7025,Ted Rogers Way / Bloor St E,Member,43.667333,-79.399429,43.671293,-79.380471
712504,2017/1/1 9:01,2017/1/1 9:09,503,7042,Sherbourne St / Wellesley St,7050,Richmond St E / Jarvis St Green P,Member,43.6673,-79.374,43.652634,-79.374222
712505,2017/1/1 9:10,2017/1/1 9:25,912,7197,Queen St W / Dovercourt Rd,7023,College St W / Borden St,Member,43.64361111,-79.4225,43.6571,-79.4056
712506,2017/1/1 9:22,2017/1/1 9:43,1299,7093,Danforth Ave / Gough Ave,7034,Church St / Bloor St E,Member,43.678401,-79.346289,43.671389,-79.382919
712507,2017/1/1 9:22,2017/1/1 9:26,257,7065,Dundas St E / Parliament St,7121,Jarvis St / Dundas St E,Member,43.659575,-79.365769,43.657266,-79.374756
712508,2017/1/1 9:43,2017/1/1 10:02,1145,7034,Church St / Bloor St E,7189,Augusta Ave / Denison Sq,Member,43.671389,-79.382919,43.653766,-79.4016759
712509,2017/1/1 9:54,2017/1/1 10:05,662,7163,Yonge St / Wood St,7005,University Ave / King St W,Member,43.6622222,-79.3825,43.6480008,-79.383177
712510,2017/1/1 9:57,2017/1/1 10:03,359,7100,Dundas St E / Regent Park Blvd,7100,Dundas St E / Regent Park Blvd,Member,43.660207,-79.361275,43.660207,-79.361275
712511,2017/1/1 9:59,2017/1/1 10:08,522,7030,Bay St / Wellesley St W,7027,Beverly  St / Dundas St W,Member,43.664088,-79.387095,43.652823,-79.393388
712512,2017/1/1 10:11,2017/1/1 10:24,763,7020,Phoebe St / Spadina Ave,7203,Bathurst St / Queens Quay W,Member,43.650033,-79.396555,43.635492,-79.398253
712513,2017/1/1 11:14,2017/1/1 11:24,615,7004,University Ave / Elm St,7042,Sherbourne St / Wellesley St,Member,43.656518,-79.389099,43.6673,-79.374
712514,2017/1/1 11:22,2017/1/1 11:31,559,7101,Lower Sherbourne St / The Esplanade,7043,Queens Quay W / Lower Simcoe St,Member,43.648655,-79.367061,43.63951,-79.383717
712515,2017/1/1 11:28,2017/1/1 11:41,797,7196,Roxton Rd / Harbord St,7053,Metro Hall Plaza,Member,43.65905,-79.422988,43.645859,-79.38783
712516,2017/1/1 11:29,2017/1/1 11:38,547,7067,Yonge St / Harbour St,7077,College Park South,Member,43.643795,-79.375413,43.659777,-79.382767
712517,2017/1/1 11:47,2017/1/1 11:50,155,7006,Bay St / College St (East Side),7012,Elizabeth St / Edward St (Bus Terminal),Member,43.660439,-79.385525,43.656026,-79.385327
712518,2017/1/1 12:01,2017/1/1 12:10,563,7064,51 Parliament St,7033,Union Station,Member,43.65205,-79.362198,43.645609,-79.380386
712519,2017/1/1 12:06,2017/1/1 12:16,555,7027,Beverly  St / Dundas St W,7026,Bay St / St. Joseph St,Member,43.652823,-79.393388,43.665527,-79.387499
712520,2017/1/1 12:21,2017/1/1 12:27,342,7057,Simcoe St / Wellington St W,7168,Queens Quay / Yonge St,Member,43.6458569,-79.3853654,43.641646,-79.375308
712521,2017/1/1 12:23,2017/1/1 12:28,291,7120,Gerrard St E / River St,7104,King St E / River St,Member,43.663993,-79.358534,43.657071,-79.356598
712522,2017/1/1 12:36,2017/1/1 12:40,252,7047,University Ave / Gerrard St W,7164,Victoria St / Gould St (Ryerson University),Member,43.657763,-79.389165,43.657424,-79.381019
712523,2017/1/1 12:43,2017/1/1 12:47,276,7009,King St E / Jarvis St,7036,Trinity St /Front St E,Member,43.650325,-79.372287,43.651318,-79.36023
712524,2017/1/1 12:52,2017/1/1 12:56,281,7073,Bremner Blvd / Spadina Ave,7017,Widmer St / Adelaide St ,Member,43.640114,-79.393249,43.6475076,-79.3914841
712525,2017/1/1 13:21,2017/1/1 13:28,461,7073,Bremner Blvd / Spadina Ave,7070,25 York St (ACC/Union Station South),Member,43.640114,-79.393249,43.643667,-79.380414
712526,2017/1/1 13:25,2017/1/1 13:27,108,7039,Simcoe St / Dundas St W,7022,Simcoe St / Queen St W,Member,43.65232722,-79.38825382,43.650858,-79.387582
712527,2017/1/1 13:28,2017/1/1 13:40,736,7123,424 Wellington St. W,7171,Ontario Place Blvd / Remembrance Dr,Member,43.643834,-79.396649,43.6322445,-79.4108105
712528,2017/1/1 13:40,2017/1/1 13:49,491,7059,Front St W / Blue Jays Way,7101,Lower Sherbourne St / The Esplanade,Member,43.643473,-79.390477,43.648655,-79.367061
712529,2017/1/1 13:41,2017/1/1 13:59,1056,7171,Ontario Place Blvd / Remembrance Dr,7068,Dockside Dr / Queens Quay E (Sugar Beach),Member,43.6322445,-79.4108105,,
712530,2017/1/1 14:00,2017/1/1 14:03,178,7148,King St W / Joe Shuster Way,7188,Exhibition GO (Atlantic Ave),Member,43.639444,-79.423611,43.63666667,-79.41972222
712531,2017/1/1 14:01,2017/1/1 14:19,1032,7068,Dockside Dr / Queens Quay E (Sugar Beach),7175,HTO Park (Queen's Quay W),Member,,,43.63796,-79.387502
712532,2017/1/1 14:03,2017/1/1 14:13,629,7014,Sherbourne St / Carlton St (Allan Gardens),7062,University Ave / College St,Member,43.663102,-79.373181,43.659226,-79.390213
712533,2017/1/1 14:47,2017/1/1 15:09,1274,7049,Queen St W / Portland St,7133,Summerhill Station,Member,43.6476,-79.4015,43.681944,-79.390556
712534,2017/1/1 14:53,2017/1/1 15:03,566,7028,Gould St / Mutual St,7027,Beverly  St / Dundas St W,Casual,43.6582,-79.3768,43.652823,-79.393388
712535,2017/1/1 14:54,2017/1/1 15:02,529,7028,Gould St / Mutual St,7027,Beverly  St / Dundas St W,Casual,43.6582,-79.3768,43.652823,-79.393388
712536,2017/1/1 14:59,2017/1/1 15:02,166,7158,King St W / Stafford St,7177,East Liberty St / Pirandello St,Member,43.6422222,-79.41111111,43.63861111,-79.41472222
712537,2017/1/1 15:02,2017/1/1 15:09,397,7216,Wellington St W / Stafford St,7073,Bremner Blvd / Spadina Ave,Member,43.641281,-79.409339,43.640114,-79.393249
712538,2017/1/1 15:04,2017/1/1 15:15,673,7023,College St W / Borden St,7172,Strachan Ave / Princes' Blvd,Member,43.6571,-79.4056,43.635,-79.40888889
712539,2017/1/1 15:08,2017/1/1 15:21,824,7017,Widmer St / Adelaide St ,7171,Ontario Place Blvd / Remembrance Dr,Member,43.6475076,-79.3914841,43.6322445,-79.4108105
712540,2017/1/1 15:08,2017/1/1 15:17,526,7094,Chester Station,7116,Parliament St / Bloor St E,Member,43.6784556,-79.351014,43.671827,-79.371849
712541,2017/1/1 15:23,2017/1/1 15:27,255,7204,College St W / Crawford St,7199,College St W / Markham St,Member,43.655,-79.418889,43.65638889,-79.40916667
712542,2017/1/1 15:25,2017/1/1 15:46,1260,7176,Bathurst St / Fort York Blvd,7055,Jarvis St / Carlton St,Member,43.639179,-79.399595,43.66207,-79.37617
712543,2017/1/1 15:28,2017/1/1 15:44,961,7014,Sherbourne St / Carlton St (Allan Gardens),7023,College St W / Borden St,Casual,43.663102,-79.373181,43.6571,-79.4056
712544,2017/1/1 15:28,2017/1/1 15:44,956,7014,Sherbourne St / Carlton St (Allan Gardens),7023,College St W / Borden St,Casual,43.663102,-79.373181,43.6571,-79.4056
712545,2017/1/1 15:35,2017/1/1 15:39,255,7039,Simcoe St / Dundas St W,7038,Dundas St / Yonge St,Member,43.65232722,-79.38825382,43.656094,-79.381484
712546,2017/1/1 15:39,2017/1/1 15:51,691,7207,Dundas St W / Crawford St,7160,King St W / Tecumseth St,Member,43.649722,-79.416944,43.64333333,-79.40555556
712547,2017/1/1 15:42,2017/1/1 15:59,1016,7039,Simcoe St / Dundas St W,7049,Queen St W / Portland St,Member,43.65232722,-79.38825382,43.6476,-79.4015
712548,2017/1/1 15:49,2017/1/1 15:56,388,7121,Jarvis St / Dundas St E,7110,Queen St E / Berkely St,Member,43.657266,-79.374756,43.6552778,-79.36583333
712549,2017/1/1 15:53,2017/1/1 16:02,503,7074,Spadina Ave / Sussex Ave,7032,Augusta Ave / Dundas St W,Member,43.6500392,-79.3733541,43.652473,-79.401456
712550,2017/1/1 15:57,2017/1/1 16:18,1253,7171,Ontario Place Blvd / Remembrance Dr,7017,Widmer St / Adelaide St ,Member,43.6322445,-79.4108105,43.6475076,-79.3914841
712551,2017/1/1 15:58,2017/1/1 16:01,209,7020,Phoebe St / Spadina Ave,7022,Simcoe St / Queen St W,Member,43.650033,-79.396555,43.650858,-79.387582
712552,2017/1/1 15:59,2017/1/1 16:25,1595,7049,Queen St W / Portland St,7035,Queen St W / Ossington Ave,Member,43.6476,-79.4015,43.643975,-79.419576
712553,2017/1/1 16:00,2017/1/1 16:12,718,7055,Jarvis St / Carlton St,7117,Castle Frank Station,Member,43.66207,-79.37617,43.674083,-79.368579
712554,2017/1/1 16:05,2017/1/1 16:25,1206,7022,Simcoe St / Queen St W,7069,Queen St W / Spadina Ave,Member,43.650858,-79.387582,43.649147,-79.395504
712555,2017/1/1 16:11,2017/1/1 16:18,427,7160,King St W / Tecumseth St,7207,Dundas St W / Crawford St,Member,43.64333333,-79.40555556,43.649722,-79.416944
712556,2017/1/1 16:11,2017/1/1 16:42,1845,7193,Queen St W / Gladstone Ave,7173,Cariboo St / Rail Path,Casual,43.64305556,-79.4275,43.66666667,-79.45833333
712557,2017/1/1 16:11,2017/1/1 16:42,1828,7193,Queen St W / Gladstone Ave,7173,Cariboo St / Rail Path,Casual,43.64305556,-79.4275,43.66666667,-79.45833333
712558,2017/1/1 16:23,2017/1/1 16:31,447,7054,Navy Wharf Ct. / Bremner Blvd.,7070,25 York St (ACC/Union Station South),Member,43.640722,-79.391051,43.643667,-79.380414
712559,2017/1/1 16:26,2017/1/1 16:31,314,7197,Queen St W / Dovercourt Rd,7135,Hanna Ave / Liberty St,Member,43.64361111,-79.4225,43.638333,-79.419722
712560,2017/1/1 16:28,2017/1/1 16:33,290,7076,York St / Queens Quay W,7068,Dockside Dr / Queens Quay E (Sugar Beach),Member,43.640132,-79.380464,,
712561,2017/1/1 16:32,2017/1/1 16:46,832,7021,Bay St / Albert St,7029,Bay St / Bloor St W,Casual,43.653264,-79.382458,43.66943,-79.38915
712562,2017/1/1 16:32,2017/1/1 16:39,405,7039,Simcoe St / Dundas St W,7028,Gould St / Mutual St,Member,43.65232722,-79.38825382,43.6582,-79.3768
712563,2017/1/1 16:32,2017/1/1 16:46,814,7021,Bay St / Albert St,7029,Bay St / Bloor St W,Casual,43.653264,-79.382458,43.66943,-79.38915
712564,2017/1/1 16:33,2017/1/1 16:46,790,7207,Dundas St W / Crawford St,7118,King St W / Bay St (East Side),Member,43.649722,-79.416944,43.648575,-79.380042
712565,2017/1/1 16:34,2017/1/1 16:45,649,7035,Queen St W / Ossington Ave,7197,Queen St W / Dovercourt Rd,Member,43.643975,-79.419576,43.64361111,-79.4225
712566,2017/1/1 16:35,2017/1/1 16:46,675,7116,Parliament St / Bloor St E,7009,King St E / Jarvis St,Member,43.671827,-79.371849,43.650325,-79.372287
712567,2017/1/1 16:46,2017/1/1 17:02,957,7210,Mary McCormick Rec Centre (Sheridan Ave),7027,Beverly  St / Dundas St W,Member,43.6475,-79.43305556,43.652823,-79.393388
712568,2017/1/1 16:46,2017/1/1 16:50,238,7019,Temperance St / Yonge St,7038,Dundas St / Yonge St,Member,43.6507021,-79.3800546,43.656094,-79.381484
712569,2017/1/1 16:48,2017/1/1 16:56,510,7197,Queen St W / Dovercourt Rd,7049,Queen St W / Portland St,Member,43.64361111,-79.4225,43.6476,-79.4015
712570,2017/1/1 16:48,2017/1/1 16:54,364,7041,Edward St / Yonge St,7026,Bay St / St. Joseph St,Member,43.656729,-79.382736,43.665527,-79.387499
712571,2017/1/1 16:50,2017/1/1 17:12,1327,7087,Danforth Ave / Aldridge Ave,7097,Riverdale Park North (Broadview Ave),Member,43.684758,-79.316767,43.671172,-79.354704
712572,2017/1/1 16:55,2017/1/1 17:15,1204,7160,King St W / Tecumseth St,7089,Church St  / Wood St,Member,43.64333333,-79.40555556,43.662712,-79.379903
712574,2017/1/1 16:56,2017/1/1 17:26,1750,7049,Queen St W / Portland St,7017,Widmer St / Adelaide St ,Member,43.6476,-79.4015,43.6475076,-79.3914841
712575,2017/1/1 16:57,2017/1/1 17:08,619,7038,Dundas St / Yonge St,7161,Beverly St / College St W,Member,43.656094,-79.381484,43.6575,-79.39527778
712576,2017/1/1 16:58,2017/1/1 17:14,945,7016,Bay St / Queens Quay W (Ferry Terminal),7027,Beverly  St / Dundas St W,Member,43.640823,-79.376265,43.652823,-79.393388
712577,2017/1/1 16:58,2017/1/1 17:14,945,7016,Bay St / Queens Quay W (Ferry Terminal),7027,Beverly  St / Dundas St W,Member,43.640823,-79.376265,43.652823,-79.393388
712580,2017/1/1 17:03,2017/1/1 17:36,1961,7018,Bremner Blvd / Rees St,7018,Bremner Blvd / Rees St,Casual,43.641529,-79.386741,43.641529,-79.386741
712581,2017/1/1 17:03,2017/1/1 17:06,168,7023,College St W / Borden St,7189,Augusta Ave / Denison Sq,Member,43.6571,-79.4056,43.653766,-79.4016759
712582,2017/1/1 17:03,2017/1/1 17:05,131,7037,Bathurst St / Dundas St W,7032,Augusta Ave / Dundas St W,Member,43.6523,-79.4058,43.652473,-79.401456
712583,2017/1/1 17:06,2017/1/1 17:17,645,7202,Queen St W / York St (City Hall),7018,Bremner Blvd / Rees St,Casual,43.651667,-79.384167,43.641529,-79.386741
712584,2017/1/1 17:06,2017/1/1 17:17,637,7202,Queen St W / York St (City Hall),7018,Bremner Blvd / Rees St,Casual,43.651667,-79.384167,43.641529,-79.386741
712585,2017/1/1 17:07,2017/1/1 17:11,207,7177,East Liberty St / Pirandello St,7188,Exhibition GO (Atlantic Ave),Member,43.63861111,-79.41472222,43.63666667,-79.41972222
712586,2017/1/1 17:08,2017/1/1 18:36,5295,7016,Bay St / Queens Quay W (Ferry Terminal),7016,Bay St / Queens Quay W (Ferry Terminal),Casual,43.640823,-79.376265,43.640823,-79.376265
712587,2017/1/1 17:09,2017/1/1 17:16,421,7006,Bay St / College St (East Side),7027,Beverly  St / Dundas St W,Member,43.660439,-79.385525,43.652823,-79.393388
712588,2017/1/1 17:11,2017/1/1 17:20,540,7069,Queen St W / Spadina Ave,7021,Bay St / Albert St,Member,43.649147,-79.395504,43.653264,-79.382458
712589,2017/1/1 17:11,2017/1/1 17:20,516,7069,Queen St W / Spadina Ave,7021,Bay St / Albert St,Member,43.649147,-79.395504,43.653264,-79.382458
712590,2017/1/1 17:12,2017/1/1 17:17,293,7199,College St W / Markham St,7204,College St W / Crawford St,Member,43.65638889,-79.40916667,43.655,-79.418889
712591,2017/1/1 17:14,2017/1/1 17:22,495,7059,Front St W / Blue Jays Way,7027,Beverly  St / Dundas St W,Member,43.643473,-79.390477,43.652823,-79.393388
712592,2017/1/1 17:18,2017/1/1 17:50,1954,7070,25 York St (ACC/Union Station South),7032,Augusta Ave / Dundas St W,Casual,43.643667,-79.380414,43.652473,-79.401456
712593,2017/1/1 17:19,2017/1/1 17:24,284,7002,St George St / Bloor St W,7161,Beverly St / College St W,Member,43.667333,-79.399429,43.6575,-79.39527778
712594,2017/1/1 17:24,2017/1/1 17:34,610,7167,Queen St E / George St (Moss Park),7039,Simcoe St / Dundas St W,Member,43.6544444,-79.37111111,43.65232722,-79.38825382
712595,2017/1/1 17:25,2017/1/1 17:33,475,7037,Bathurst St / Dundas St W,7075,Queens Quay W / Dan Leckie Way,Member,43.6523,-79.4058,43.636533,-79.395854
712596,2017/1/1 17:26,2017/1/1 17:51,1534,7017,Widmer St / Adelaide St ,7013,Scott St / The Esplanade,Member,43.6475076,-79.3914841,43.64656,-79.375274
712597,2017/1/1 17:27,2017/1/1 17:54,1620,7117,Castle Frank Station,7176,Bathurst St / Fort York Blvd,Member,43.674083,-79.368579,43.639179,-79.399595
712598,2017/1/1 17:41,2017/1/1 18:37,3389,7173,Cariboo St / Rail Path,7071,161 Bleecker St (South of Wellesley),Casual,43.66666667,-79.45833333,43.666233,-79.373327
712599,2017/1/1 17:41,2017/1/1 18:37,3368,7173,Cariboo St / Rail Path,7071,161 Bleecker St (South of Wellesley),Casual,43.66666667,-79.45833333,43.666233,-79.373327
712600,2017/1/1 17:42,2017/1/1 18:04,1360,7013,Scott St / The Esplanade,7135,Hanna Ave / Liberty St,Member,43.64656,-79.375274,43.638333,-79.419722
712601,2017/1/1 17:42,2017/1/1 17:50,518,7149,Yarmouth Rd / Christie St,7061,Bloor St / Brunswick Ave,Member,43.67,-79.42083333,43.6662942,-79.4066433
712602,2017/1/1 17:44,2017/1/1 17:53,559,7033,Union Station,7028,Gould St / Mutual St,Member,43.645609,-79.380386,43.6582,-79.3768
712603,2017/1/1 17:44,2017/1/1 17:55,663,7068,Dockside Dr / Queens Quay E (Sugar Beach),7013,Scott St / The Esplanade,Member,,,43.64656,-79.375274
712604,2017/1/1 17:45,2017/1/1 18:12,1656,7189,Augusta Ave / Denison Sq,7096,Boston Ave / Queen St E,Member,43.653766,-79.4016759,43.661508,-79.338931
712605,2017/1/1 17:45,2017/1/1 18:00,903,7196,Roxton Rd / Harbord St,7112,Liberty St / Fraser Ave Green P,Member,43.65905,-79.422988,43.637981,-79.424146
712606,2017/1/1 17:49,2017/1/1 17:54,307,7036,Trinity St /Front St E,7009,King St E / Jarvis St,Member,43.651318,-79.36023,43.650325,-79.372287
712607,2017/1/1 17:52,2017/1/1 18:00,525,7171,Ontario Place Blvd / Remembrance Dr,7176,Bathurst St / Fort York Blvd,Member,43.6322445,-79.4108105,43.639179,-79.399595
712608,2017/1/1 17:52,2017/1/1 18:30,2316,7087,Danforth Ave / Aldridge Ave,7020,Phoebe St / Spadina Ave,Member,43.684758,-79.316767,43.650033,-79.396555
712609,2017/1/1 17:53,2017/1/1 18:00,445,7013,Scott St / The Esplanade,7041,Edward St / Yonge St,Member,43.64656,-79.375274,43.656729,-79.382736
712610,2017/1/1 17:57,2017/1/1 18:07,595,7025,Ted Rogers Way / Bloor St E,7038,Dundas St / Yonge St,Member,43.671293,-79.380471,43.656094,-79.381484
712611,2017/1/1 17:57,2017/1/1 18:06,513,7042,Sherbourne St / Wellesley St,7004,University Ave / Elm St,Member,43.6673,-79.374,43.656518,-79.389099
712612,2017/1/1 17:57,2017/1/1 18:41,2600,7018,Bremner Blvd / Rees St,7016,Bay St / Queens Quay W (Ferry Terminal),Casual,43.641529,-79.386741,43.640823,-79.376265
712613,2017/1/1 17:58,2017/1/1 18:41,2600,7018,Bremner Blvd / Rees St,7016,Bay St / Queens Quay W (Ferry Terminal),Casual,43.641529,-79.386741,43.640823,-79.376265
712614,2017/1/1 18:03,2017/1/1 18:06,220,7059,Front St W / Blue Jays Way,7033,Union Station,Member,43.643473,-79.390477,43.645609,-79.380386
712615,2017/1/1 18:04,2017/1/1 18:14,580,7054,Navy Wharf Ct. / Bremner Blvd.,7202,Queen St W / York St (City Hall),Member,43.640722,-79.391051,43.651667,-79.384167
712616,2017/1/1 18:05,2017/1/1 18:14,542,7054,Navy Wharf Ct. / Bremner Blvd.,7202,Queen St W / York St (City Hall),Member,43.640722,-79.391051,43.651667,-79.384167
712617,2017/1/1 18:05,2017/1/1 18:26,1237,7041,Edward St / Yonge St,7046,Niagara St / Richmond St W,Member,43.656729,-79.382736,43.64534,-79.409597
712618,2017/1/1 18:06,2017/1/1 18:23,1052,7144,Palmerston Ave / Vermont Ave,7077,College Park South,Member,43.671389,-79.416389,43.659777,-79.382767
712619,2017/1/1 18:07,2017/1/1 18:25,1120,7129,Davenport Rd / Avenue Rd,7102,Nelson St / Duncan St,Casual,43.674991,-79.396273,43.648711,-79.389728
712620,2017/1/1 18:12,2017/1/1 18:38,1588,7077,College Park South,7040,Euclid Ave / Bloor St W,Casual,43.659777,-79.382767,43.664467,-79.414783
712621,2017/1/1 18:12,2017/1/1 18:38,1588,7077,College Park South,7040,Euclid Ave / Bloor St W,Casual,43.659777,-79.382767,43.664467,-79.414783
712622,2017/1/1 18:16,2017/1/1 18:26,626,7195,Ulster St / Bathurst St,7017,Widmer St / Adelaide St ,Member,43.66,-79.40888889,43.6475076,-79.3914841
712623,2017/1/1 18:18,2017/1/1 18:28,585,7176,Bathurst St / Fort York Blvd,7197,Queen St W / Dovercourt Rd,Member,43.639179,-79.399595,43.64361111,-79.4225
712624,2017/1/1 18:21,2017/1/1 18:34,789,7009,King St E / Jarvis St,7115,Howard St / Sherbourne St,Member,43.650325,-79.372287,43.6712581,-79.376367
712625,2017/1/1 18:24,2017/1/1 18:33,526,7027,Beverly  St / Dundas St W,7006,Bay St / College St (East Side),Member,43.652823,-79.393388,43.660439,-79.385525
712626,2017/1/1 18:25,2017/1/1 18:37,715,7017,Widmer St / Adelaide St ,7172,Strachan Ave / Princes' Blvd,Member,43.6475076,-79.3914841,43.635,-79.40888889
712629,2017/1/1 18:26,2017/1/1 18:49,1397,7003,Madison Ave / Bloor St W,7016,Bay St / Queens Quay W (Ferry Terminal),Member,43.667158,-79.402761,43.640823,-79.376265
712627,2017/1/1 18:26,2017/1/1 18:49,1403,7003,Madison Ave / Bloor St W,7016,Bay St / Queens Quay W (Ferry Terminal),Member,43.667158,-79.402761,43.640823,-79.376265
712628,2017/1/1 18:26,2017/1/1 18:49,1397,7003,Madison Ave / Bloor St W,7016,Bay St / Queens Quay W (Ferry Terminal),Member,43.667158,-79.402761,43.640823,-79.376265
712630,2017/1/1 18:26,2017/1/1 18:33,410,7046,Niagara St / Richmond St W,7122,Niagara St / Tecumseth St,Member,43.64534,-79.409597,43.641389,-79.404444
712631,2017/1/1 18:28,2017/1/1 18:38,559,7046,Niagara St / Richmond St W,7172,Strachan Ave / Princes' Blvd,Member,43.64534,-79.409597,43.635,-79.40888889
712632,2017/1/1 18:28,2017/1/1 18:38,556,7046,Niagara St / Richmond St W,7172,Strachan Ave / Princes' Blvd,Member,43.64534,-79.409597,43.635,-79.40888889
712633,2017/1/1 18:30,2017/1/1 18:45,875,7010,King St W / Spadina Ave,7175,HTO Park (Queen's Quay W),Member,43.645323,-79.395003,43.63796,-79.387502
712634,2017/1/1 18:31,2017/1/1 18:40,526,7026,Bay St / St. Joseph St,7039,Simcoe St / Dundas St W,Member,43.665527,-79.387499,43.65232722,-79.38825382
712635,2017/1/1 18:32,2017/1/1 18:36,218,7019,Temperance St / Yonge St,7013,Scott St / The Esplanade,Member,43.6507021,-79.3800546,43.64656,-79.375274
712636,2017/1/1 18:34,2017/1/1 18:53,1139,7003,Madison Ave / Bloor St W,7000,Fort York  Blvd / Capreol Crt,Member,43.667158,-79.402761,43.639832,-79.395954
712637,2017/1/1 18:34,2017/1/1 18:49,909,7029,Bay St / Bloor St W,7094,Chester Station,Member,43.66943,-79.38915,43.6784556,-79.351014
712638,2017/1/1 18:35,2017/1/1 18:50,878,7176,Bathurst St / Fort York Blvd,7019,Temperance St / Yonge St,Member,43.639179,-79.399595,43.6507021,-79.3800546
712639,2017/1/1 18:37,2017/1/1 18:45,479,7042,Sherbourne St / Wellesley St,7008,Wellesley St / Queen's Park Cres,Member,43.6673,-79.374,43.663376,-79.392125
712640,2017/1/1 18:38,2017/1/1 18:55,1023,7057,Simcoe St / Wellington St W,7171,Ontario Place Blvd / Remembrance Dr,Casual,43.6458569,-79.3853654,43.6322445,-79.4108105
712641,2017/1/1 18:42,2017/1/1 18:56,814,7016,Bay St / Queens Quay W (Ferry Terminal),7038,Dundas St / Yonge St,Casual,43.640823,-79.376265,43.656094,-79.381484
712642,2017/1/1 18:42,2017/1/1 18:56,812,7016,Bay St / Queens Quay W (Ferry Terminal),7038,Dundas St / Yonge St,Casual,43.640823,-79.376265,43.656094,-79.381484
712643,2017/1/1 18:43,2017/1/1 18:53,597,7059,Front St W / Blue Jays Way,7135,Hanna Ave / Liberty St,Member,43.643473,-79.390477,43.638333,-79.419722
712644,2017/1/1 18:43,2017/1/1 18:54,676,7050,Richmond St E / Jarvis St Green P,7042,Sherbourne St / Wellesley St,Member,43.652634,-79.374222,43.6673,-79.374
712645,2017/1/1 18:46,2017/1/1 19:07,1244,7055,Jarvis St / Carlton St,7063,Queens Park / Bloor St W,Casual,43.66207,-79.37617,43.668456,-79.393899
712646,2017/1/1 18:47,2017/1/1 18:54,443,7197,Queen St W / Dovercourt Rd,7122,Niagara St / Tecumseth St,Member,43.64361111,-79.4225,43.641389,-79.404444
712647,2017/1/1 18:48,2017/1/1 18:57,524,7122,Niagara St / Tecumseth St,7046,Niagara St / Richmond St W,Member,43.641389,-79.404444,43.64534,-79.409597
712648,2017/1/1 18:49,2017/1/1 19:04,902,7095,Danforth Ave / Ellerbeck St,7042,Sherbourne St / Wellesley St,Member,43.677076,-79.35667,43.6673,-79.374
712649,2017/1/1 18:50,2017/1/1 19:07,1033,7133,Summerhill Station,7047,University Ave / Gerrard St W,Member,43.681944,-79.390556,43.657763,-79.389165
712650,2017/1/1 18:52,2017/1/1 19:07,920,7055,Jarvis St / Carlton St,7063,Queens Park / Bloor St W,Casual,43.66207,-79.37617,43.668456,-79.393899
712651,2017/1/1 18:52,2017/1/1 19:12,1242,7144,Palmerston Ave / Vermont Ave,7041,Edward St / Yonge St,Member,43.671389,-79.416389,43.656729,-79.382736
712652,2017/1/1 18:54,2017/1/1 18:59,351,7175,HTO Park (Queen's Quay W),7071,161 Bleecker St (South of Wellesley),Member,43.63796,-79.387502,43.666233,-79.373327
712653,2017/1/1 18:54,2017/1/1 18:59,315,7073,Bremner Blvd / Spadina Ave,7017,Widmer St / Adelaide St ,Member,43.640114,-79.393249,43.6475076,-79.3914841
712654,2017/1/1 18:56,2017/1/1 19:19,1376,7050,Richmond St E / Jarvis St Green P,7172,Strachan Ave / Princes' Blvd,Member,43.652634,-79.374222,43.635,-79.40888889
712655,2017/1/1 18:57,2017/1/1 19:38,2453,7046,Niagara St / Richmond St W,7010,King St W / Spadina Ave,Member,43.64534,-79.409597,43.645323,-79.395003
712656,2017/1/1 19:00,2017/1/1 19:07,421,7051,Wellesley St E / Yonge St Green P,7021,Bay St / Albert St,Member,43.66506,-79.38357,43.653264,-79.382458
712657,2017/1/1 19:02,2017/1/1 19:06,241,7014,Sherbourne St / Carlton St (Allan Gardens),7042,Sherbourne St / Wellesley St,Member,43.663102,-79.373181,43.6673,-79.374
712658,2017/1/1 19:03,2017/1/1 19:25,1339,7171,Ontario Place Blvd / Remembrance Dr,7035,Queen St W / Ossington Ave,Casual,43.6322445,-79.4108105,43.643975,-79.419576
712659,2017/1/1 19:05,2017/1/1 19:11,357,7021,Bay St / Albert St,7169,Front St / Bay St (North Side),Member,43.653264,-79.382458,43.646162,-79.378912
712660,2017/1/1 19:06,2017/1/1 19:34,1625,7026,Bay St / St. Joseph St,7126,Yonge St / Yorkville Ave,Member,43.665527,-79.387499,43.671944,-79.387778
712661,2017/1/1 19:07,2017/1/1 19:33,1599,7026,Bay St / St. Joseph St,7126,Yonge St / Yorkville Ave,Member,43.665527,-79.387499,43.671944,-79.387778
712662,2017/1/1 19:08,2017/1/1 19:14,394,7175,HTO Park (Queen's Quay W),7175,HTO Park (Queen's Quay W),Member,43.63796,-79.387502,43.63796,-79.387502
712663,2017/1/1 19:08,2017/1/1 19:16,530,7089,Church St  / Wood St,7063,Queens Park / Bloor St W,Member,43.662712,-79.379903,43.668456,-79.393899
712664,2017/1/1 19:09,2017/1/1 19:23,841,7018,Bremner Blvd / Rees St,7020,Phoebe St / Spadina Ave,Casual,43.641529,-79.386741,43.650033,-79.396555
712665,2017/1/1 19:09,2017/1/1 19:13,288,7195,Ulster St / Bathurst St,7007,College St W / Huron St,Member,43.66,-79.40888889,43.658148,-79.398167
712666,2017/1/1 19:09,2017/1/1 19:12,193,7047,University Ave / Gerrard St W,7039,Simcoe St / Dundas St W,Member,43.657763,-79.389165,43.65232722,-79.38825382
712667,2017/1/1 19:09,2017/1/1 19:22,820,7018,Bremner Blvd / Rees St,7020,Phoebe St / Spadina Ave,Casual,43.641529,-79.386741,43.650033,-79.396555
712668,2017/1/1 19:11,2017/1/1 19:20,559,7115,Howard St / Sherbourne St,7109,Seaton St / Dundas St E,Member,43.6712581,-79.376367,43.658777,-79.369596
712669,2017/1/1 19:12,2017/1/1 19:22,609,7017,Widmer St / Adelaide St ,7101,Lower Sherbourne St / The Esplanade,Member,43.6475076,-79.3914841,43.648655,-79.367061
712670,2017/1/1 19:13,2017/1/1 19:27,809,7104,King St E / River St,7168,Queens Quay / Yonge St,Member,43.657071,-79.356598,43.641646,-79.375308
712671,2017/1/1 19:14,2017/1/1 19:37,1434,7006,Bay St / College St (East Side),7075,Queens Quay W / Dan Leckie Way,Member,43.660439,-79.385525,43.636533,-79.395854
712672,2017/1/1 19:17,2017/1/1 19:20,218,7023,College St W / Borden St,7195,Ulster St / Bathurst St,Member,43.6571,-79.4056,43.66,-79.40888889
712673,2017/1/1 19:18,2017/1/1 19:31,768,7113,Parliament St / Aberdeen Ave,7097,Riverdale Park North (Broadview Ave),Member,43.665278,-79.368333,43.671172,-79.354704
712675,2017/1/1 19:18,2017/1/1 19:46,1647,7097,Riverdale Park North (Broadview Ave),7009,King St E / Jarvis St,Casual,43.671172,-79.354704,43.650325,-79.372287
712676,2017/1/1 19:19,2017/1/1 19:26,440,7116,Parliament St / Bloor St E,7095,Danforth Ave / Ellerbeck St,Member,43.671827,-79.371849,43.677076,-79.35667
712677,2017/1/1 19:19,2017/1/1 19:26,445,7024,Dundonald St / Church St,7045,Bond St / Queen St E,Member,43.66663,-79.38148,43.653236,-79.376716
712678,2017/1/1 19:19,2017/1/1 19:46,1604,7097,Riverdale Park North (Broadview Ave),7009,King St E / Jarvis St,Casual,43.671172,-79.354704,43.650325,-79.372287
712679,2017/1/1 19:20,2017/1/1 19:24,218,7026,Bay St / St. Joseph St,7006,Bay St / College St (East Side),Member,43.665527,-79.387499,43.660439,-79.385525
712680,2017/1/1 19:22,2017/1/1 19:42,1221,7175,HTO Park (Queen's Quay W),7175,HTO Park (Queen's Quay W),Member,43.63796,-79.387502,43.63796,-79.387502
712681,2017/1/1 19:23,2017/1/1 19:32,581,7047,University Ave / Gerrard St W,7033,Union Station,Member,43.657763,-79.389165,43.645609,-79.380386
712682,2017/1/1 19:27,2017/1/1 19:38,644,7041,Edward St / Yonge St,7029,Bay St / Bloor St W,Member,43.656729,-79.382736,43.66943,-79.38915
712683,2017/1/1 19:28,2017/1/1 19:49,1222,7072,Queen St W / Shaw St,7044,Church St / Alexander St,Casual,43.636611,-79.400042,43.663722,-79.380288
712684,2017/1/1 19:29,2017/1/1 19:44,884,7063,Queens Park / Bloor St W,7010,King St W / Spadina Ave,Member,43.668456,-79.393899,43.645323,-79.395003
712685,2017/1/1 19:30,2017/1/1 19:58,1731,7038,Dundas St / Yonge St,7059,Front St W / Blue Jays Way,Casual,43.656094,-79.381484,43.643473,-79.390477
712686,2017/1/1 19:30,2017/1/1 19:58,1713,7038,Dundas St / Yonge St,7059,Front St W / Blue Jays Way,Casual,43.656094,-79.381484,43.643473,-79.390477
712687,2017/1/1 19:32,2017/1/1 19:46,825,7190,St. George St / Hoskin Ave,7189,Augusta Ave / Denison Sq,Casual,43.6637403,-79.3980645,43.653766,-79.4016759
712688,2017/1/1 19:33,2017/1/1 20:00,1647,7078,College St W / Major St,7038,Dundas St / Yonge St,Casual,43.6576,-79.4032,43.656094,-79.381484
712689,2017/1/1 19:33,2017/1/1 19:45,735,7190,St. George St / Hoskin Ave,7189,Augusta Ave / Denison Sq,Casual,43.6637403,-79.3980645,43.653766,-79.4016759
712690,2017/1/1 19:35,2017/1/1 19:41,352,7126,Yonge St / Yorkville Ave,7026,Bay St / St. Joseph St,Member,43.671944,-79.387778,43.665527,-79.387499
712691,2017/1/1 19:36,2017/1/1 19:44,471,7126,Yonge St / Yorkville Ave,7026,Bay St / St. Joseph St,Member,43.671944,-79.387778,43.665527,-79.387499
712692,2017/1/1 19:39,2017/1/1 19:50,648,7019,Temperance St / Yonge St,7070,25 York St (ACC/Union Station South),Member,43.6507021,-79.3800546,43.643667,-79.380414
712693,2017/1/1 19:39,2017/1/1 20:42,3772,7010,King St W / Spadina Ave,7017,Widmer St / Adelaide St ,Member,43.645323,-79.395003,43.6475076,-79.3914841
712694,2017/1/1 19:46,2017/1/1 20:08,1344,7193,Queen St W / Gladstone Ave,7002,St George St / Bloor St W,Member,43.64305556,-79.4275,43.667333,-79.399429
712695,2017/1/1 19:48,2017/1/1 20:10,1304,7122,Niagara St / Tecumseth St,7031,Jarvis St / Isabella St,Member,43.641389,-79.404444,43.668991,-79.379385
712696,2017/1/1 19:50,2017/1/1 20:06,921,7189,Augusta Ave / Denison Sq,7016,Bay St / Queens Quay W (Ferry Terminal),Member,43.653766,-79.4016759,43.640823,-79.376265
712697,2017/1/1 19:51,2017/1/1 19:57,362,7014,Sherbourne St / Carlton St (Allan Gardens),7060,Princess St / Adelaide St,Member,43.663102,-79.373181,43.652123,-79.367139
712698,2017/1/1 19:52,2017/1/1 19:54,145,7020,Phoebe St / Spadina Ave,7027,Beverly  St / Dundas St W,Member,43.650033,-79.396555,43.652823,-79.393388
712699,2017/1/1 19:54,2017/1/1 19:58,243,7006,Bay St / College St (East Side),7062,University Ave / College St,Member,43.660439,-79.385525,43.659226,-79.390213
712700,2017/1/1 20:04,2017/1/1 20:09,288,7028,Gould St / Mutual St,7077,College Park South,Member,43.6582,-79.3768,43.659777,-79.382767
712701,2017/1/1 20:06,2017/1/1 20:23,1043,7097,Riverdale Park North (Broadview Ave),7009,King St E / Jarvis St,Member,43.671172,-79.354704,43.650325,-79.372287
712703,2017/1/1 20:10,2017/1/1 20:20,621,7216,Wellington St W / Stafford St,7188,Exhibition GO (Atlantic Ave),Member,43.641281,-79.409339,43.63666667,-79.41972222
712704,2017/1/1 20:10,2017/1/1 20:18,468,7044,Church St / Alexander St,7119,Sumach St / Carlton St. (Riverdale Farm),Casual,43.663722,-79.380288,43.665867,-79.362506
712705,2017/1/1 20:11,2017/1/1 20:20,567,7216,Wellington St W / Stafford St,7188,Exhibition GO (Atlantic Ave),Member,43.641281,-79.409339,43.63666667,-79.41972222
712706,2017/1/1 20:11,2017/1/1 20:20,522,7123,424 Wellington St. W,7022,Simcoe St / Queen St W,Member,43.643834,-79.396649,43.650858,-79.387582
712707,2017/1/1 20:12,2017/1/1 20:24,715,7027,Beverly  St / Dundas St W,7016,Bay St / Queens Quay W (Ferry Terminal),Member,43.652823,-79.393388,43.640823,-79.376265
712708,2017/1/1 20:13,2017/1/1 20:26,763,7195,Ulster St / Bathurst St,7051,Wellesley St E / Yonge St Green P,Member,43.66,-79.40888889,43.66506,-79.38357
712710,2017/1/1 20:14,2017/1/1 20:33,1117,7156,Salem Ave / Bloor St W,7073,Bremner Blvd / Spadina Ave,Casual,43.6608333,-79.43166667,43.640114,-79.393249
712711,2017/1/1 20:14,2017/1/1 21:48,5589,7057,Simcoe St / Wellington St W,7175,HTO Park (Queen's Quay W),Casual,43.6458569,-79.3853654,43.63796,-79.387502
712712,2017/1/1 20:14,2017/1/1 21:48,5594,7057,Simcoe St / Wellington St W,7175,HTO Park (Queen's Quay W),Casual,43.6458569,-79.3853654,43.63796,-79.387502
712715,2017/1/1 20:17,2017/1/1 21:48,5448,7057,Simcoe St / Wellington St W,7175,HTO Park (Queen's Quay W),Casual,43.6458569,-79.3853654,43.63796,-79.387502
712716,2017/1/1 20:17,2017/1/1 21:47,5426,7057,Simcoe St / Wellington St W,7175,HTO Park (Queen's Quay W),Casual,43.6458569,-79.3853654,43.63796,-79.387502
712717,2017/1/1 20:19,2017/1/1 21:48,5325,7057,Simcoe St / Wellington St W,7175,HTO Park (Queen's Quay W),Casual,43.6458569,-79.3853654,43.63796,-79.387502
712718,2017/1/1 20:19,2017/1/1 21:48,5316,7057,Simcoe St / Wellington St W,7175,HTO Park (Queen's Quay W),Casual,43.6458569,-79.3853654,43.63796,-79.387502
712719,2017/1/1 20:23,2017/1/1 20:29,378,7199,College St W / Markham St,7189,Augusta Ave / Denison Sq,Casual,43.65638889,-79.40916667,43.653766,-79.4016759
712720,2017/1/1 20:23,2017/1/1 20:55,1890,7175,HTO Park (Queen's Quay W),7171,Ontario Place Blvd / Remembrance Dr,Casual,43.63796,-79.387502,43.6322445,-79.4108105
712721,2017/1/1 20:23,2017/1/1 20:49,1542,7027,Beverly  St / Dundas St W,7016,Bay St / Queens Quay W (Ferry Terminal),Casual,43.652823,-79.393388,43.640823,-79.376265
712722,2017/1/1 20:23,2017/1/1 20:49,1553,7027,Beverly  St / Dundas St W,7016,Bay St / Queens Quay W (Ferry Terminal),Casual,43.652823,-79.393388,43.640823,-79.376265
712723,2017/1/1 20:24,2017/1/1 20:29,342,7199,College St W / Markham St,7189,Augusta Ave / Denison Sq,Casual,43.65638889,-79.40916667,43.653766,-79.4016759
712724,2017/1/1 20:25,2017/1/1 20:32,384,7057,Simcoe St / Wellington St W,7020,Phoebe St / Spadina Ave,Member,43.6458569,-79.3853654,43.650033,-79.396555
712725,2017/1/1 20:27,2017/1/1 20:33,380,7032,Augusta Ave / Dundas St W,7037,Bathurst St / Dundas St W,Member,43.652473,-79.401456,43.6523,-79.4058
712726,2017/1/1 20:27,2017/1/1 20:32,311,7017,Widmer St / Adelaide St ,7118,King St W / Bay St (East Side),Member,43.6475076,-79.3914841,43.648575,-79.380042
712727,2017/1/1 20:28,2017/1/1 20:37,560,7122,Niagara St / Tecumseth St,7197,Queen St W / Dovercourt Rd,Member,43.641389,-79.404444,43.64361111,-79.4225
712728,2017/1/1 20:28,2017/1/1 20:37,544,7026,Bay St / St. Joseph St,7118,King St W / Bay St (East Side),Member,43.665527,-79.387499,43.648575,-79.380042
712729,2017/1/1 20:30,2017/1/1 22:40,7806,7012,Elizabeth St / Edward St (Bus Terminal),7001,Lower Jarvis St / The Esplanade,Casual,43.656026,-79.385327,43.647992,-79.370907
712730,2017/1/1 20:30,2017/1/1 22:40,7814,7012,Elizabeth St / Edward St (Bus Terminal),7001,Lower Jarvis St / The Esplanade,Casual,43.656026,-79.385327,43.647992,-79.370907
712731,2017/1/1 20:30,2017/1/1 20:37,420,7123,424 Wellington St. W,7020,Phoebe St / Spadina Ave,Member,43.643834,-79.396649,43.650033,-79.396555
712732,2017/1/1 20:32,2017/1/1 20:38,358,7068,Dockside Dr / Queens Quay E (Sugar Beach),7076,York St / Queens Quay W,Member,,,43.640132,-79.380464
712733,2017/1/1 20:35,2017/1/1 20:43,441,7053,Metro Hall Plaza,7071,161 Bleecker St (South of Wellesley),Member,43.645859,-79.38783,43.666233,-79.373327
712734,2017/1/1 20:41,2017/1/1 21:01,1228,7135,Hanna Ave / Liberty St,7013,Scott St / The Esplanade,Member,43.638333,-79.419722,43.64656,-79.375274
712735,2017/1/1 20:41,2017/1/1 20:45,220,7060,Princess St / Adelaide St,7009,King St E / Jarvis St,Member,43.652123,-79.367139,43.650325,-79.372287
712736,2017/1/1 20:42,2017/1/1 20:56,805,7011,Wellington St W / Portland St,7193,Queen St W / Gladstone Ave,Member,43.642982,-79.399256,43.64305556,-79.4275
712737,2017/1/1 20:43,2017/1/1 20:47,240,7175,HTO Park (Queen's Quay W),7076,York St / Queens Quay W,Member,43.63796,-79.387502,43.640132,-79.380464
712738,2017/1/1 20:44,2017/1/1 20:54,649,7114,Carlton St / Parliament St,7009,King St E / Jarvis St,Member,43.664524,-79.36793,43.650325,-79.372287
712739,2017/1/1 20:45,2017/1/1 20:53,468,7017,Widmer St / Adelaide St ,7060,Princess St / Adelaide St,Member,43.6475076,-79.3914841,43.652123,-79.367139
712740,2017/1/1 20:46,2017/1/1 20:57,694,7100,Dundas St E / Regent Park Blvd,7101,Lower Sherbourne St / The Esplanade,Member,43.660207,-79.361275,43.648655,-79.367061
712741,2017/1/1 20:46,2017/1/1 20:50,227,7026,Bay St / St. Joseph St,7063,Queens Park / Bloor St W,Member,43.665527,-79.387499,43.668456,-79.393899
712742,2017/1/1 20:47,2017/1/1 21:09,1263,7173,Cariboo St / Rail Path,7173,Cariboo St / Rail Path,Member,43.66666667,-79.45833333,43.66666667,-79.45833333
712743,2017/1/1 20:49,2017/1/1 20:56,428,7060,Princess St / Adelaide St,7016,Bay St / Queens Quay W (Ferry Terminal),Member,43.652123,-79.367139,43.640823,-79.376265
712744,2017/1/1 20:50,2017/1/1 20:56,360,7044,Church St / Alexander St,7038,Dundas St / Yonge St,Member,43.663722,-79.380288,43.656094,-79.381484
712745,2017/1/1 20:50,2017/1/1 21:03,803,7104,King St E / River St,7021,Bay St / Albert St,Member,43.657071,-79.356598,43.653264,-79.382458
712746,2017/1/1 20:50,2017/1/1 21:03,785,7104,King St E / River St,7021,Bay St / Albert St,Member,43.657071,-79.356598,43.653264,-79.382458
712747,2017/1/1 20:50,2017/1/1 20:56,358,7008,Wellesley St / Queen's Park Cres,7041,Edward St / Yonge St,Member,43.663376,-79.392125,43.656729,-79.382736
712748,2017/1/1 20:53,2017/1/1 21:17,1407,7060,Princess St / Adelaide St,7056,Parliament St / Gerrard St,Member,43.652123,-79.367139,43.662132,-79.3656796
712749,2017/1/1 20:56,2017/1/1 21:05,544,7039,Simcoe St / Dundas St W,7033,Union Station,Member,43.65232722,-79.38825382,43.645609,-79.380386
712750,2017/1/1 20:57,2017/1/1 21:06,567,7007,College St W / Huron St,7132,Kendal Ave / Spadina Rd,Member,43.658148,-79.398167,43.670318,-79.405181
712751,2017/1/1 20:57,2017/1/1 21:12,888,7042,Sherbourne St / Wellesley St,7133,Summerhill Station,Casual,43.6673,-79.374,43.681944,-79.390556
712752,2017/1/1 21:00,2017/1/1 21:09,550,7076,York St / Queens Quay W,7075,Queens Quay W / Dan Leckie Way,Member,43.640132,-79.380464,43.636533,-79.395854
712753,2017/1/1 21:00,2017/1/1 21:15,883,7172,Strachan Ave / Princes' Blvd,7135,Hanna Ave / Liberty St,Casual,43.635,-79.40888889,43.638333,-79.419722
712754,2017/1/1 21:00,2017/1/1 21:10,605,7006,Bay St / College St (East Side),7057,Simcoe St / Wellington St W,Member,43.660439,-79.385525,43.6458569,-79.3853654
712755,2017/1/1 21:02,2017/1/1 21:13,619,7098,Riverdale Park South (Broadview Ave),7014,Sherbourne St / Carlton St (Allan Gardens),Member,43.667819,-79.35347,43.663102,-79.373181
712756,2017/1/1 21:04,2017/1/1 21:11,450,7014,Sherbourne St / Carlton St (Allan Gardens),7038,Dundas St / Yonge St,Member,43.663102,-79.373181,43.656094,-79.381484
712757,2017/1/1 21:04,2017/1/1 21:09,290,7121,Jarvis St / Dundas St E,7065,Dundas St E / Parliament St,Member,43.657266,-79.374756,43.659575,-79.365769
712758,2017/1/1 21:05,2017/1/1 21:13,455,7037,Bathurst St / Dundas St W,7075,Queens Quay W / Dan Leckie Way,Member,43.6523,-79.4058,43.636533,-79.395854
712759,2017/1/1 21:08,2017/1/1 21:16,500,7153,Bloor St W / Christie St,7061,Bloor St / Brunswick Ave,Member,43.6638889,-79.41888889,43.6662942,-79.4066433
712760,2017/1/1 21:08,2017/1/1 21:15,421,7153,Bloor St W / Christie St,7061,Bloor St / Brunswick Ave,Member,43.6638889,-79.41888889,43.6662942,-79.4066433
712761,2017/1/1 21:10,2017/1/1 21:20,596,7059,Front St W / Blue Jays Way,7172,Strachan Ave / Princes' Blvd,Member,43.643473,-79.390477,43.635,-79.40888889
712762,2017/1/1 21:14,2017/1/1 21:43,1733,7044,Church St / Alexander St,7171,Ontario Place Blvd / Remembrance Dr,Member,43.663722,-79.380288,43.6322445,-79.4108105
712763,2017/1/1 21:19,2017/1/1 21:35,997,7056,Parliament St / Gerrard St,7038,Dundas St / Yonge St,Member,43.662132,-79.3656796,43.656094,-79.381484
712764,2017/1/1 21:19,2017/1/1 21:27,487,7162,Hayter St / Laplante Ave,7007,College St W / Huron St,Member,43.65916667,-79.38555556,43.658148,-79.398167
712765,2017/1/1 21:19,2017/1/1 21:27,476,7162,Hayter St / Laplante Ave,7007,College St W / Huron St,Member,43.65916667,-79.38555556,43.658148,-79.398167
712766,2017/1/1 21:21,2017/1/1 21:36,920,7172,Strachan Ave / Princes' Blvd,7171,Ontario Place Blvd / Remembrance Dr,Member,43.635,-79.40888889,43.6322445,-79.4108105
712767,2017/1/1 21:21,2017/1/1 21:30,549,7176,Bathurst St / Fort York Blvd,7033,Union Station,Member,43.639179,-79.399595,43.645609,-79.380386
712768,2017/1/1 21:23,2017/1/1 21:32,534,7028,Gould St / Mutual St,7120,Gerrard St E / River St,Member,43.6582,-79.3768,43.663993,-79.358534
712769,2017/1/1 21:26,2017/1/1 21:33,439,7073,Bremner Blvd / Spadina Ave,7027,Beverly  St / Dundas St W,Member,43.640114,-79.393249,43.652823,-79.393388
712770,2017/1/1 21:29,2017/1/1 21:35,366,7100,Dundas St E / Regent Park Blvd,7098,Riverdale Park South (Broadview Ave),Member,43.660207,-79.361275,43.667819,-79.35347
712771,2017/1/1 21:30,2017/1/1 21:45,898,7195,Ulster St / Bathurst St,7043,Queens Quay W / Lower Simcoe St,Member,43.66,-79.40888889,43.63951,-79.383717
712772,2017/1/1 21:31,2017/1/1 21:38,446,7063,Queens Park / Bloor St W,7089,Church St  / Wood St,Member,43.668456,-79.393899,43.662712,-79.379903
712773,2017/1/1 21:31,2017/1/1 21:50,1137,7177,East Liberty St / Pirandello St,7016,Bay St / Queens Quay W (Ferry Terminal),Casual,43.63861111,-79.41472222,43.640823,-79.376265
712774,2017/1/1 21:33,2017/1/1 21:50,1033,7174,Bloor St W / Dundas St W,7196,Roxton Rd / Harbord St,Member,43.6563889,-79.45166667,43.65905,-79.422988
712776,2017/1/1 21:33,2017/1/1 21:42,547,7049,Queen St W / Portland St,7176,Bathurst St / Fort York Blvd,Member,43.6476,-79.4015,43.639179,-79.399595
712777,2017/1/1 21:34,2017/1/1 21:42,493,7049,Queen St W / Portland St,7176,Bathurst St / Fort York Blvd,Member,43.6476,-79.4015,43.639179,-79.399595
712778,2017/1/1 21:34,2017/1/1 21:45,634,7061,Bloor St / Brunswick Ave,7029,Bay St / Bloor St W,Member,43.6662942,-79.4066433,43.66943,-79.38915
712779,2017/1/1 21:35,2017/1/1 21:44,580,7061,Bloor St / Brunswick Ave,7029,Bay St / Bloor St W,Member,43.6662942,-79.4066433,43.66943,-79.38915
712781,2017/1/1 21:41,2017/1/1 21:55,893,7104,King St E / River St,7044,Church St / Alexander St,Member,43.657071,-79.356598,43.663722,-79.380288
712782,2017/1/1 21:41,2017/1/1 21:57,973,7208,80 Clinton St (North of College),7073,Bremner Blvd / Spadina Ave,Member,43.656296,-79.414663,43.640114,-79.393249
712783,2017/1/1 21:41,2017/1/1 21:53,681,7038,Dundas St / Yonge St,7104,King St E / River St,Member,43.656094,-79.381484,43.657071,-79.356598
712784,2017/1/1 21:43,2017/1/1 22:17,1988,7171,Ontario Place Blvd / Remembrance Dr,7171,Ontario Place Blvd / Remembrance Dr,Member,43.6322445,-79.4108105,43.6322445,-79.4108105
712785,2017/1/1 21:44,2017/1/1 21:51,374,7098,Riverdale Park South (Broadview Ave),7100,Dundas St E / Regent Park Blvd,Member,43.667819,-79.35347,43.660207,-79.361275
712786,2017/1/1 21:46,2017/1/1 21:49,192,7162,Hayter St / Laplante Ave,7038,Dundas St / Yonge St,Member,43.65916667,-79.38555556,43.656094,-79.381484
712788,2017/1/1 21:50,2017/1/1 21:59,538,7060,Princess St / Adelaide St,7014,Sherbourne St / Carlton St (Allan Gardens),Member,43.652123,-79.367139,43.663102,-79.373181
712787,2017/1/1 21:50,2017/1/1 22:03,757,7023,College St W / Borden St,7198,Queen St W / Cowan Ave,Member,43.6571,-79.4056,43.6409,-79.432837
712789,2017/1/1 21:52,2017/1/1 22:08,958,7016,Bay St / Queens Quay W (Ferry Terminal),7121,Jarvis St / Dundas St E,Casual,43.640823,-79.376265,43.657266,-79.374756
712790,2017/1/1 21:53,2017/1/1 22:06,769,7104,King St E / River St,7103,Jimmie Simpson Park (Queen St E),Member,43.657071,-79.356598,43.6605603,-79.3437663
712791,2017/1/1 21:54,2017/1/1 22:00,348,7067,Yonge St / Harbour St,7076,York St / Queens Quay W,Member,43.643795,-79.375413,43.640132,-79.380464
712792,2017/1/1 21:56,2017/1/1 22:05,564,7104,King St E / River St,7055,Jarvis St / Carlton St,Member,43.657071,-79.356598,43.66207,-79.37617
712793,2017/1/1 21:56,2017/1/1 22:12,952,7036,Trinity St /Front St E,7019,Temperance St / Yonge St,Casual,43.651318,-79.36023,43.6507021,-79.3800546
712794,2017/1/1 21:56,2017/1/1 22:12,955,7036,Trinity St /Front St E,7019,Temperance St / Yonge St,Casual,43.651318,-79.36023,43.6507021,-79.3800546
712795,2017/1/1 21:58,2017/1/1 22:04,311,7059,Front St W / Blue Jays Way,7005,University Ave / King St W,Member,43.643473,-79.390477,43.6480008,-79.383177
712796,2017/1/1 22:02,2017/1/1 22:06,252,7118,King St W / Bay St (East Side),7017,Widmer St / Adelaide St ,Member,43.648575,-79.380042,43.6475076,-79.3914841
712797,2017/1/1 22:02,2017/1/1 22:12,592,7019,Temperance St / Yonge St,7027,Beverly  St / Dundas St W,Member,43.6507021,-79.3800546,43.652823,-79.393388
712798,2017/1/1 22:03,2017/1/1 22:17,817,7021,Bay St / Albert St,7031,Jarvis St / Isabella St,Member,43.653264,-79.382458,43.668991,-79.379385
712799,2017/1/1 22:06,2017/1/1 22:30,1433,7164,Victoria St / Gould St (Ryerson University),7115,Howard St / Sherbourne St,Member,43.657424,-79.381019,43.6712581,-79.376367
712800,2017/1/1 22:06,2017/1/1 22:16,600,7103,Jimmie Simpson Park (Queen St E),7103,Jimmie Simpson Park (Queen St E),Member,43.6605603,-79.3437663,43.6605603,-79.3437663
712801,2017/1/1 22:07,2017/1/1 22:15,525,7065,Dundas St E / Parliament St,7042,Sherbourne St / Wellesley St,Member,43.659575,-79.365769,43.6673,-79.374
712802,2017/1/1 22:07,2017/1/1 22:15,477,7065,Dundas St E / Parliament St,7042,Sherbourne St / Wellesley St,Member,43.659575,-79.365769,43.6673,-79.374
712803,2017/1/1 22:08,2017/1/1 22:10,133,7076,York St / Queens Quay W,7016,Bay St / Queens Quay W (Ferry Terminal),Member,43.640132,-79.380464,43.640823,-79.376265
712804,2017/1/1 22:09,2017/1/1 22:24,928,7047,University Ave / Gerrard St W,7153,Bloor St W / Christie St,Member,43.657763,-79.389165,43.6638889,-79.41888889
712805,2017/1/1 22:11,2017/1/1 22:15,257,7050,Richmond St E / Jarvis St Green P,7028,Gould St / Mutual St,Member,43.652634,-79.374222,43.6582,-79.3768
712806,2017/1/1 22:11,2017/1/1 22:29,1107,7164,Victoria St / Gould St (Ryerson University),7115,Howard St / Sherbourne St,Casual,43.657424,-79.381019,43.6712581,-79.376367
712807,2017/1/1 22:11,2017/1/1 22:30,1121,7164,Victoria St / Gould St (Ryerson University),7115,Howard St / Sherbourne St,Casual,43.657424,-79.381019,43.6712581,-79.376367
712808,2017/1/1 22:11,2017/1/1 22:29,1083,7164,Victoria St / Gould St (Ryerson University),7115,Howard St / Sherbourne St,Casual,43.657424,-79.381019,43.6712581,-79.376367
712809,2017/1/1 22:14,2017/1/1 22:29,917,7038,Dundas St / Yonge St,7100,Dundas St E / Regent Park Blvd,Member,43.656094,-79.381484,43.660207,-79.361275
712810,2017/1/1 22:16,2017/1/1 22:22,383,7038,Dundas St / Yonge St,7014,Sherbourne St / Carlton St (Allan Gardens),Member,43.656094,-79.381484,43.663102,-79.373181
712811,2017/1/1 22:17,2017/1/1 22:52,2071,7171,Ontario Place Blvd / Remembrance Dr,7163,Yonge St / Wood St,Member,43.6322445,-79.4108105,43.6622222,-79.3825
712812,2017/1/1 22:17,2017/1/2 0:47,8958,7045,Bond St / Queen St E,7045,Bond St / Queen St E,Casual,43.653236,-79.376716,43.653236,-79.376716
712813,2017/1/1 22:18,2017/1/2 0:47,8969,7045,Bond St / Queen St E,7045,Bond St / Queen St E,Casual,43.653236,-79.376716,43.653236,-79.376716
712814,2017/1/1 22:18,2017/1/1 22:23,303,7103,Jimmie Simpson Park (Queen St E),7104,King St E / River St,Member,43.6605603,-79.3437663,43.657071,-79.356598
712815,2017/1/1 22:19,2017/1/1 22:31,743,7202,Queen St W / York St (City Hall),7175,HTO Park (Queen's Quay W),Member,43.651667,-79.384167,43.63796,-79.387502
712816,2017/1/1 22:19,2017/1/1 22:34,930,7016,Bay St / Queens Quay W (Ferry Terminal),7036,Trinity St /Front St E,Casual,43.640823,-79.376265,43.651318,-79.36023
712818,2017/1/1 22:19,2017/1/1 22:35,930,7016,Bay St / Queens Quay W (Ferry Terminal),7036,Trinity St /Front St E,Casual,43.640823,-79.376265,43.651318,-79.36023
712820,2017/1/1 22:20,2017/1/1 22:29,545,7197,Queen St W / Dovercourt Rd,7176,Bathurst St / Fort York Blvd,Member,43.64361111,-79.4225,43.639179,-79.399595
712821,2017/1/1 22:20,2017/1/1 22:31,685,7202,Queen St W / York St (City Hall),7175,HTO Park (Queen's Quay W),Member,43.651667,-79.384167,43.63796,-79.387502
712822,2017/1/1 22:20,2017/1/1 22:24,237,7078,College St W / Major St,7195,Ulster St / Bathurst St,Member,43.6576,-79.4032,43.66,-79.40888889
712823,2017/1/1 22:20,2017/1/1 22:25,242,7055,Jarvis St / Carlton St,7031,Jarvis St / Isabella St,Member,43.66207,-79.37617,43.668991,-79.379385
712824,2017/1/1 22:21,2017/1/1 22:28,400,7036,Trinity St /Front St E,7100,Dundas St E / Regent Park Blvd,Member,43.651318,-79.36023,43.660207,-79.361275
712826,2017/1/1 22:25,2017/1/1 22:27,146,7101,Lower Sherbourne St / The Esplanade,7001,Lower Jarvis St / The Esplanade,Member,43.648655,-79.367061,43.647992,-79.370907
712827,2017/1/1 22:25,2017/1/1 22:38,779,7017,Widmer St / Adelaide St ,7199,College St W / Markham St,Member,43.6475076,-79.3914841,43.65638889,-79.40916667
712828,2017/1/1 22:28,2017/1/1 22:41,803,7009,King St E / Jarvis St,7114,Carlton St / Parliament St,Member,43.650325,-79.372287,43.664524,-79.36793
712829,2017/1/1 22:30,2017/1/1 22:35,300,7077,College Park South,7028,Gould St / Mutual St,Member,43.659777,-79.382767,43.6582,-79.3768
712830,2017/1/1 22:30,2017/1/1 22:39,498,7100,Dundas St E / Regent Park Blvd,7038,Dundas St / Yonge St,Member,43.660207,-79.361275,43.656094,-79.381484
712831,2017/1/1 22:32,2017/1/1 22:34,151,7001,Lower Jarvis St / The Esplanade,7101,Lower Sherbourne St / The Esplanade,Member,43.647992,-79.370907,43.648655,-79.367061
712832,2017/1/1 22:33,2017/1/1 22:39,367,7041,Edward St / Yonge St,7022,Simcoe St / Queen St W,Member,43.656729,-79.382736,43.650858,-79.387582
712833,2017/1/1 22:35,2017/1/1 22:54,1129,7202,Queen St W / York St (City Hall),7144,Palmerston Ave / Vermont Ave,Member,43.651667,-79.384167,43.671389,-79.416389
712834,2017/1/1 22:40,2017/1/1 22:43,178,7199,College St W / Markham St,7195,Ulster St / Bathurst St,Member,43.65638889,-79.40916667,43.66,-79.40888889
712836,2017/1/1 22:42,2017/1/1 22:58,953,7063,Queens Park / Bloor St W,7095,Danforth Ave / Ellerbeck St,Member,43.668456,-79.393899,43.677076,-79.35667
712835,2017/1/1 22:42,2017/1/1 22:58,953,7063,Queens Park / Bloor St W,7095,Danforth Ave / Ellerbeck St,Member,43.668456,-79.393899,43.677076,-79.35667
712837,2017/1/1 22:44,2017/1/1 22:53,515,7055,Jarvis St / Carlton St,7104,King St E / River St,Member,43.66207,-79.37617,43.657071,-79.356598
712838,2017/1/1 22:45,2017/1/1 22:48,187,7022,Simcoe St / Queen St W,7004,University Ave / Elm St,Member,43.650858,-79.387582,43.656518,-79.389099
712839,2017/1/1 22:46,2017/1/1 22:48,154,7042,Sherbourne St / Wellesley St,7014,Sherbourne St / Carlton St (Allan Gardens),Member,43.6673,-79.374,43.663102,-79.373181
712841,2017/1/1 22:48,2017/1/1 22:55,444,7021,Bay St / Albert St,7049,Queen St W / Portland St,Member,43.653264,-79.382458,43.6476,-79.4015
712842,2017/1/1 22:52,2017/1/1 23:00,508,7193,Queen St W / Gladstone Ave,7160,King St W / Tecumseth St,Member,43.64305556,-79.4275,43.64333333,-79.40555556
712843,2017/1/1 22:53,2017/1/1 22:56,178,7076,York St / Queens Quay W,7043,Queens Quay W / Lower Simcoe St,Member,43.640132,-79.380464,43.63951,-79.383717
712844,2017/1/1 22:53,2017/1/1 22:58,312,7205,Rusholme Park Cres / College St W,7156,Salem Ave / Bloor St W,Member,43.65277778,-79.42972222,43.6608333,-79.43166667
712845,2017/1/1 22:55,2017/1/1 23:11,936,7038,Dundas St / Yonge St,7070,25 York St (ACC/Union Station South),Casual,43.656094,-79.381484,43.643667,-79.380414
712846,2017/1/1 22:56,2017/1/1 22:59,179,7196,Roxton Rd / Harbord St,7204,College St W / Crawford St,Member,43.65905,-79.422988,43.655,-79.418889
712847,2017/1/1 22:58,2017/1/1 22:59,79,7043,Queens Quay W / Lower Simcoe St,7076,York St / Queens Quay W,Member,43.63951,-79.383717,43.640132,-79.380464
712848,2017/1/1 22:58,2017/1/1 23:20,1321,7009,King St E / Jarvis St,7097,Riverdale Park North (Broadview Ave),Member,43.650325,-79.372287,43.671172,-79.354704
712849,2017/1/1 23:04,2017/1/1 23:28,1484,7104,King St E / River St,7041,Edward St / Yonge St,Member,43.657071,-79.356598,43.656729,-79.382736
712850,2017/1/1 23:05,2017/1/1 23:16,663,7041,Edward St / Yonge St,7190,St. George St / Hoskin Ave,Member,43.656729,-79.382736,43.6637403,-79.3980645
712851,2017/1/1 23:07,2017/1/1 23:16,562,7153,Bloor St W / Christie St,7207,Dundas St W / Crawford St,Member,43.6638889,-79.41888889,43.649722,-79.416944
712852,2017/1/1 23:07,2017/1/1 23:13,367,7156,Salem Ave / Bloor St W,7205,Rusholme Park Cres / College St W,Member,43.6608333,-79.43166667,43.65277778,-79.42972222
712853,2017/1/1 23:13,2017/1/1 23:24,678,7033,Union Station,7104,King St E / River St,Member,43.645609,-79.380386,43.657071,-79.356598
712854,2017/1/1 23:16,2017/1/1 23:35,1152,7031,Jarvis St / Isabella St,7049,Queen St W / Portland St,Member,43.668991,-79.379385,43.6476,-79.4015
712855,2017/1/1 23:19,2017/1/1 23:24,300,7059,Front St W / Blue Jays Way,7123,424 Wellington St. W,Member,43.643473,-79.390477,43.643834,-79.396649
712856,2017/1/1 23:23,2017/1/1 23:37,845,7114,Carlton St / Parliament St,7022,Simcoe St / Queen St W,Member,43.664524,-79.36793,43.650858,-79.387582
712857,2017/1/1 23:23,2017/1/1 23:40,1013,7007,College St W / Huron St,7072,Queen St W / Shaw St,Casual,43.658148,-79.398167,43.636611,-79.400042
712858,2017/1/1 23:25,2017/1/1 23:33,510,7115,Howard St / Sherbourne St,7065,Dundas St E / Parliament St,Member,43.6712581,-79.376367,43.659575,-79.365769
712859,2017/1/1 23:29,2017/1/1 23:34,292,7204,College St W / Crawford St,7078,College St W / Major St,Member,43.655,-79.418889,43.6576,-79.4032
712860,2017/1/1 23:29,2017/1/1 23:36,397,7029,Bay St / Bloor St W,7131,Taddle Creek Park,Member,43.66943,-79.38915,43.66986,-79.398443
712861,2017/1/1 23:32,2017/1/1 23:54,1295,7204,College St W / Crawford St,7066,Willcocks St / St. George St,Casual,43.655,-79.418889,43.662085,-79.397735
712862,2017/1/1 23:32,2017/1/1 23:54,1292,7204,College St W / Crawford St,7066,Willcocks St / St. George St,Casual,43.655,-79.418889,43.662085,-79.397735
712863,2017/1/1 23:33,2017/1/1 23:44,666,7041,Edward St / Yonge St,7042,Sherbourne St / Wellesley St,Member,43.656729,-79.382736,43.6673,-79.374
712864,2017/1/1 23:34,2017/1/1 23:40,339,7012,Elizabeth St / Edward St (Bus Terminal),7019,Temperance St / Yonge St,Member,43.656026,-79.385327,43.6507021,-79.3800546
712865,2017/1/1 23:36,2017/1/1 23:41,323,7040,Euclid Ave / Bloor St W,7149,Yarmouth Rd / Christie St,Member,43.664467,-79.414783,43.67,-79.42083333
712866,2017/1/1 23:36,2017/1/1 23:52,970,7058,Huron/ Harbord St,7005,University Ave / King St W,Member,43.6637,-79.400053,43.6480008,-79.383177
712867,2017/1/1 23:38,2017/1/1 23:40,165,7022,Simcoe St / Queen St W,7004,University Ave / Elm St,Member,43.650858,-79.387582,43.656518,-79.389099
712868,2017/1/1 23:39,2017/1/2 0:19,2438,7171,Ontario Place Blvd / Remembrance Dr,7075,Queens Quay W / Dan Leckie Way,Member,43.6322445,-79.4108105,43.636533,-79.395854
712869,2017/1/1 23:40,2017/1/1 23:46,367,7000,Fort York  Blvd / Capreol Crt,7017,Widmer St / Adelaide St ,Member,43.639832,-79.395954,43.6475076,-79.3914841
712870,2017/1/1 23:43,2017/1/1 23:53,635,7027,Beverly  St / Dundas St W,7073,Bremner Blvd / Spadina Ave,Member,43.652823,-79.393388,43.640114,-79.393249
712871,2017/1/1 23:48,2017/1/2 0:05,976,7028,Gould St / Mutual St,7098,Riverdale Park South (Broadview Ave),Member,43.6582,-79.3768,43.667819,-79.35347
712872,2017/1/1 23:48,2017/1/2 0:04,914,7043,Queens Quay W / Lower Simcoe St,7032,Augusta Ave / Dundas St W,Member,43.63951,-79.383717,43.652473,-79.401456
712873,2017/1/1 23:51,2017/1/1 23:54,168,7028,Gould St / Mutual St,7038,Dundas St / Yonge St,Member,43.6582,-79.3768,43.656094,-79.381484
712874,2017/1/1 23:53,2017/1/2 0:00,397,7188,Exhibition GO (Atlantic Ave),7216,Wellington St W / Stafford St,Member,43.63666667,-79.41972222,43.641281,-79.409339
712875,2017/1/1 23:53,2017/1/2 0:03,558,7026,Bay St / St. Joseph St,7133,Summerhill Station,Member,43.665527,-79.387499,43.681944,-79.390556
712876,2017/1/1 23:53,2017/1/2 0:00,376,7188,Exhibition GO (Atlantic Ave),7216,Wellington St W / Stafford St,Member,43.63666667,-79.41972222,43.641281,-79.409339
712877,2017/1/1 23:53,2017/1/2 0:10,974,7029,Bay St / Bloor St W,7152,Ossington Ave / Bloor St W,Member,43.66943,-79.38915,43.661705,-79.425734
712878,2017/1/1 23:55,2017/1/2 0:02,450,7039,Simcoe St / Dundas St W,7028,Gould St / Mutual St,Member,43.65232722,-79.38825382,43.6582,-79.3768
712879,2017/1/1 23:55,2017/1/2 0:08,789,7066,Willcocks St / St. George St,7202,Queen St W / York St (City Hall),Casual,43.662085,-79.397735,43.651667,-79.384167
712880,2017/1/1 23:55,2017/1/2 0:08,779,7066,Willcocks St / St. George St,7202,Queen St W / York St (City Hall),Casual,43.662085,-79.397735,43.651667,-79.384167
712881,2017/1/1 23:55,2017/1/2 0:05,604,7211,Fort York Blvd / Garrison Rd,7193,Queen St W / Gladstone Ave,Member,43.6375,-79.40611111,43.64305556,-79.4275
712882,2017/1/1 23:59,2017/1/2 0:17,1117,7099,Cherry St / Mill St,7121,Jarvis St / Dundas St E,Casual,43.651248,-79.357848,43.657266,-79.374756
712883,2017/1/1 23:59,2017/1/2 0:12,813,7099,Cherry St / Mill St,7121,Jarvis St / Dundas St E,Casual,43.651248,-79.357848,43.657266,-79.374756
712884,2017/1/1 23:59,2017/1/2 0:03,225,7027,Beverly  St / Dundas St W,7032,Augusta Ave / Dundas St W,Member,43.652823,-79.393388,43.652473,-79.401456
712885,2017/1/1 23:59,2017/1/2 0:12,769,7146,Christie St / Benson Ave (Wychwood Barns),7196,Roxton Rd / Harbord St,Member,43.68,-79.425,43.65905,-79.422988
712886,2017/1/2 0:01,2017/1/2 0:14,804,7027,Beverly  St / Dundas St W,7176,Bathurst St / Fort York Blvd,Member,43.652823,-79.393388,43.639179,-79.399595
712887,2017/1/2 0:04,2017/1/2 0:20,989,7074,Spadina Ave / Sussex Ave,7193,Queen St W / Gladstone Ave,Member,43.6500392,-79.3733541,43.64305556,-79.4275
712888,2017/1/2 0:04,2017/1/2 0:06,110,7162,Hayter St / Laplante Ave,7012,Elizabeth St / Edward St (Bus Terminal),Member,43.65916667,-79.38555556,43.656026,-79.385327
712889,2017/1/2 0:05,2017/1/2 0:12,422,7077,College Park South,7067,Yonge St / Harbour St,Member,43.659777,-79.382767,43.643795,-79.375413
712890,2017/1/2 0:05,2017/1/2 0:10,288,7020,Phoebe St / Spadina Ave,7049,Queen St W / Portland St,Member,43.650033,-79.396555,43.6476,-79.4015
712891,2017/1/2 0:05,2017/1/2 0:10,299,7079,McGill St / Church St,7047,University Ave / Gerrard St W,Member,43.660694,-79.379052,43.657763,-79.389165
712892,2017/1/2 0:07,2017/1/2 0:14,410,7042,Sherbourne St / Wellesley St,7006,Bay St / College St (East Side),Member,43.6673,-79.374,43.660439,-79.385525
712893,2017/1/2 0:08,2017/1/2 0:18,611,7171,Ontario Place Blvd / Remembrance Dr,7043,Queens Quay W / Lower Simcoe St,Member,43.6322445,-79.4108105,43.63951,-79.383717
712894,2017/1/2 0:09,2017/1/2 0:29,1214,7097,Riverdale Park North (Broadview Ave),7087,Danforth Ave / Aldridge Ave,Member,43.671172,-79.354704,43.684758,-79.316767
712895,2017/1/2 0:11,2017/1/2 0:22,668,7026,Bay St / St. Joseph St,7022,Simcoe St / Queen St W,Member,43.665527,-79.387499,43.650858,-79.387582
712896,2017/1/2 0:11,2017/1/2 0:22,666,7026,Bay St / St. Joseph St,7022,Simcoe St / Queen St W,Member,43.665527,-79.387499,43.650858,-79.387582
712897,2017/1/2 0:13,2017/1/2 0:38,1473,7177,East Liberty St / Pirandello St,7013,Scott St / The Esplanade,Casual,43.63861111,-79.41472222,43.64656,-79.375274
712898,2017/1/2 0:13,2017/1/2 0:38,1453,7177,East Liberty St / Pirandello St,7013,Scott St / The Esplanade,Casual,43.63861111,-79.41472222,43.64656,-79.375274
712899,2017/1/2 0:14,2017/1/2 0:16,155,7052,Wellington St W / Bay St,7057,Simcoe St / Wellington St W,Member,43.647259,-79.379878,43.6458569,-79.3853654
712900,2017/1/2 0:15,2017/1/2 0:26,691,7188,Exhibition GO (Atlantic Ave),7059,Front St W / Blue Jays Way,Member,43.63666667,-79.41972222,43.643473,-79.390477
712901,2017/1/2 0:19,2017/1/2 0:32,791,7158,King St W / Stafford St,7019,Temperance St / Yonge St,Member,43.6422222,-79.41111111,43.6507021,-79.3800546
712902,2017/1/2 0:20,2017/1/2 0:42,1344,7188,Exhibition GO (Atlantic Ave),7068,Dockside Dr / Queens Quay E (Sugar Beach),Member,43.63666667,-79.41972222,,
712903,2017/1/2 0:23,2017/1/2 0:41,1116,7022,Simcoe St / Queen St W,7161,Beverly St / College St W,Member,43.650858,-79.387582,43.6575,-79.39527778
712904,2017/1/2 0:23,2017/1/2 0:41,1121,7022,Simcoe St / Queen St W,7161,Beverly St / College St W,Member,43.650858,-79.387582,43.6575,-79.39527778
712905,2017/1/2 0:23,2017/1/2 0:43,1181,7172,Strachan Ave / Princes' Blvd,7076,York St / Queens Quay W,Casual,43.635,-79.40888889,43.640132,-79.380464
712906,2017/1/2 0:24,2017/1/2 0:51,1622,7176,Bathurst St / Fort York Blvd,7024,Dundonald St / Church St,Member,43.639179,-79.399595,43.66663,-79.38148
712907,2017/1/2 0:24,2017/1/2 0:43,1131,7172,Strachan Ave / Princes' Blvd,7076,York St / Queens Quay W,Casual,43.635,-79.40888889,43.640132,-79.380464
712908,2017/1/2 0:24,2017/1/2 0:43,1115,7172,Strachan Ave / Princes' Blvd,7076,York St / Queens Quay W,Casual,43.635,-79.40888889,43.640132,-79.380464
712909,2017/1/2 0:26,2017/1/2 0:36,594,7022,Simcoe St / Queen St W,7006,Bay St / College St (East Side),Member,43.650858,-79.387582,43.660439,-79.385525
712911,2017/1/2 0:29,2017/1/2 0:47,1086,7018,Bremner Blvd / Rees St,7077,College Park South,Casual,43.641529,-79.386741,43.659777,-79.382767
712912,2017/1/2 0:29,2017/1/2 0:47,1056,7018,Bremner Blvd / Rees St,7077,College Park South,Casual,43.641529,-79.386741,43.659777,-79.382767
712914,2017/1/2 0:36,2017/1/2 0:46,603,7158,King St W / Stafford St,7102,Nelson St / Duncan St,Member,43.6422222,-79.41111111,43.648711,-79.389728
712915,2017/1/2 0:36,2017/1/2 0:44,494,7188,Exhibition GO (Atlantic Ave),7148,King St W / Joe Shuster Way,Member,43.63666667,-79.41972222,43.639444,-79.423611
712916,2017/1/2 0:38,2017/1/2 0:44,318,7013,Scott St / The Esplanade,7101,Lower Sherbourne St / The Esplanade,Member,43.64656,-79.375274,43.648655,-79.367061
712918,2017/1/2 0:41,2017/1/2 0:51,598,7161,Beverly St / College St W,7026,Bay St / St. Joseph St,Member,43.6575,-79.39527778,43.665527,-79.387499
712917,2017/1/2 0:41,2017/1/2 0:51,587,7161,Beverly St / College St W,7026,Bay St / St. Joseph St,Member,43.6575,-79.39527778,43.665527,-79.387499
712919,2017/1/2 0:43,2017/1/2 1:15,1911,7068,Dockside Dr / Queens Quay E (Sugar Beach),7093,Danforth Ave / Gough Ave,Member,,,43.678401,-79.346289
712920,2017/1/2 0:56,2017/1/2 1:42,2729,7041,Edward St / Yonge St,7069,Queen St W / Spadina Ave,Member,43.656729,-79.382736,43.649147,-79.395504
